Open,High,Low,Vol,Change,PriceTomorow
20769.5,20867.9,20231.6,365491,-0.023,20594.4
20086.8,20981.5,20062.9,427991,0.034,20292.9
19331.8,20406.9,19249,371541,0.039,20769.5
19571.2,19588.6,19177.2,286941,-0.012,20082.7
19204.8,19680.9,19092.5,180631,0.019,19331.5
19162.6,19249.9,19116.1,118241,0.002,19571.2
19042.9,19245.5,18703.3,294661,0.006,19204.8
19125.1,19334.5,18935.6,253201,-0.004,19162.6
19328.2,19358.6,19101.2,209281,-0.011,19042.9
19548.4,19692.9,19102.8,290071,-0.011,19123.9
19262.2,19663.5,19163.6,248401,0.015,19328.2
19068.8,19411.9,19066,140951,0.01,19548.2
19181.7,19218.7,19000.8,123661,-0.006,19261.9
19379.8,19933.9,19098.6,400451,-0.01,19068.7
19154.6,19494.4,18207.9,455131,0.012,19181.8
19058.5,19212.6,19010.6,242181,0.005,19379.8
19134.3,19261.3,18868.7,288571,-0.004,19154.8
19441.7,19520.7,19057,243771,-0.016,19059.1
19416.3,19552.1,19329.6,127531,0.001,19134.6
19530.2,19612.2,19274.7,113501,-0.006,19441
19962.4,20051.4,19352.1,263501,-0.021,19415
20157.5,20436.7,19873.7,370601,-0.01,19531.3
20340.5,20353.8,19761.7,352761,-0.009,19956.7
19629.7,20436.1,19506.4,368171,0.036,20157.5
19057.6,19676,19001.3,333031,0.03,20340.2
19311.9,19389.9,18937.3,222821,-0.013,19628.3
19422.9,19480.3,19172.6,173911,-0.006,19052.2
19593.4,20174.9,19208.9,490291,-0.009,19311.9
19420.2,19631.5,18877.9,449571,0.009,19423
19083.4,19757.8,18505.3,581191,0.017,19593
19228.8,20361.2,18850.4,660121,-0.008,19411
18803.1,19304.8,18695.2,516031,0.023,19081
18925.1,19125.1,18659.6,209711,-0.006,19225.7
19288.4,19310.6,18812,258501,-0.019,18803.2
19404.1,19477.3,18554.8,431151,-0.006,18925.2
18488.1,19490.9,18371,448631,0.05,19293.5
18875.1,19758.4,18191.8,446851,-0.02,19404
19538.9,19626.3,18742.6,361181,-0.034,18489
19417.4,19666.6,18277.8,423431,0.006,18872.4
20113.9,20113.9,19347.7,273111,-0.035,19538.9
19802.8,20178.6,19761,204581,0.016,19418.8
19701.9,19883,19352.9,315591,0.005,20113.5
20222.3,20321.4,19532.3,358421,-0.026,19802.4
20175.5,20503.7,19654.2,374221,0.002,19701.7
22395.3,22702.5,19909.6,485321,-0.099,20222.5
21836.6,22465.4,21581.6,431981,0.026,20175.5
21650.4,21836.4,21363,297121,0.009,22395.3
21363.8,21790.6,21139.9,331121,0.013,21834.9
19318.8,21545.7,19294.1,480371,0.106,21650.4
19281.5,19444.7,19034.5,291431,0.002,21365.2
18786.3,19445.9,18548.4,319101,0.026,19317.4
19793.4,20169.3,18723.3,402431,-0.051,19281.5
19999.9,20042.9,19650.7,238711,-0.01,18786.4
19832.2,20017.8,19594.7,158271,0.009,19793.1
19952.8,20043.8,19660.7,157851,-0.006,19999.9
20131.6,20428.2,19764.7,272221,-0.009,19831.4
20049.9,20202.7,19584.4,275081,0.004,19952.7
19793.4,20469.1,19793.4,318171,0.013,20126.1
20295.6,20558.2,19559.7,308411,-0.025,20043.9
19551.3,20394.5,19551.2,248041,0.038,19792.6
20034.2,20150.8,19542.9,159601,-0.024,20295.8
20249.9,20343.6,19849.8,187341,-0.011,19550.2
21564.2,21815.3,20122.4,322161,-0.061,20033.9
21365.4,21801.2,21324.8,190151,0.009,20249.9
21516.2,21832.3,21171.1,202401,-0.007,21565.4
21416.5,21661,20919.6,228651,0.005,21365.2
21516.8,21517.4,20912.1,251831,-0.005,21517.2
21138.9,21692.4,21077.4,177521,0.018,21416.3
20830.7,21357.4,20784.8,206941,0.015,21517.2
23201.6,23202.3,20807.8,339471,-0.102,21138.9
23337.7,23578,23131.3,160971,-0.006,20831.3
23855.8,24423.5,23191.6,239531,-0.022,23203.6
24102.6,24240.8,23693.8,201701,-0.01,23338
24303.3,25205.7,23784.5,279281,-0.008,23856.8
24442.1,24997.3,24172.2,177251,-0.006,24101.7
24398.9,24882.9,24318.7,170591,0.002,24302.8
23935.3,24440.8,23616.4,194961,0.019,24442.5
23963.3,24873.5,23864,285361,-0.001,24398.7
23150.3,24209.9,22714.7,243611,0.035,23935.3
23818.1,23912,22886.5,169621,-0.028,23962.9
23175.3,24234.1,23160.6,197941,0.028,23146.7
22944.2,23387.7,22852.3,99361,0.01,23816.3
23308.2,23344.4,22923.6,94441,-0.016,23175.3
22613.3,23447.6,22593.5,208901,0.031,22944.2
22822.2,23214.5,22438.7,181191,-0.009,23308.2
22988.7,23623.7,22698.6,174661,-0.007,22612.1
23271.1,23423.3,22670.8,177301,-0.012,22820.8
23303.4,23484.4,22863.8,162331,-0.001,22988.6
23634.2,24179.3,23236.2,138841,-0.014,23271.2
23774.2,24605.3,23521.8,168721,-0.006,23303.4
23850.2,24340,23451.4,221661,-0.003,23634.2
22957.7,24190.5,22611.6,268321,0.039,23774.3
21248,23027.8,21047.5,242661,0.081,23850
21301.6,21322.3,20737.3,201571,-0.003,22958.3
22582.3,22653.3,21275.4,206931,-0.057,21248.7
22449.8,22987.9,22281.3,126661,0.005,21301.9
22683.6,22991,21971.7,137421,-0.01,22582.1
23150,23741.4,22524.2,197541,-0.021,22460.4
23219.9,23403.8,22360.2,217081,-0.003,22675.2
23412,24258,22944.4,281311,-0.008,23153
22529.3,23757.3,21581.8,308911,0.039,23215.2
20785.6,22714.9,20770.6,279721,0.084,23410.2
21209.8,21654.4,20755.2,132811,-0.02,22525.8
20825.2,21561.3,20484.4,136891,0.019,20785.6
20586.1,21178.1,20393.4,164671,0.012,21209.9
20250,20862.2,19664.9,205281,0.017,20825.1
19331.6,20250.8,18942.2,249381,0.048,20586
19963.2,20051.7,19279.6,167911,-0.032,20250
20847.2,20855,19897,160201,-0.042,19330.9
21587.4,21599.2,20689.7,204681,-0.034,19963.2
21610.4,21944.1,21338.4,190111,-0.001,20847.4
21637.1,22482.1,21207,439901,-0.001,21587.5
20557.9,21817.8,20282.7,115811,0.052,21611.2
20180.4,20654.9,19785.3,105241,0.018,21637.8
20215.8,20706.9,19315.4,122431,-0.001,20561.1
19310.6,20303.8,19052.5,92791,0.047,20200.6
19243.4,19626.4,18794.4,65271,0.004,20215.8
19275.4,19425.4,19006.4,58571,-0.001,19309.9
19926.6,20785.6,18980.1,150181,-0.033,19243.2
20111.3,20155.1,18682.7,127731,-0.009,19262.9
20278,20415.8,19880.7,98971,-0.008,19926.6
20727.9,21200.2,20210.5,83831,-0.022,20111.3
21037.7,21497.5,20568,84691,-0.015,20278
21489.9,21837.4,20989.7,67211,-0.021,20730.2
21226.9,21553.4,20917.5,66631,0.012,21043.5
21100.9,21488.7,20743.9,104561,0.006,21489.9
19967.3,21189.8,19907.5,110701,0.057,21226.9
20720.2,20864.3,19780.2,125941,-0.036,21100.7
20571.6,21689.3,20371.7,136321,0.007,19965.8
20576.9,20996.8,19658.8,140601,0,20720.4
18983.4,20763.5,17983.7,169391,0.084,20572.3
20446.4,20744.7,17630.5,267251,-0.071,20577.2
20391.3,21315.4,20244.1,136271,0.003,18986.5
22577.9,22942.1,20231.1,144001,-0.097,20444.6
22137.5,22754.4,20125.8,280411,0.019,20386.6
22449.1,23200.3,20860.9,251011,-0.013,22577.9
26606.3,26857.6,22006.3,379261,-0.156,22157.3
28404,28534.8,26606.3,120021,-0.063,22448
29083.3,29426.6,28161.8,82921,-0.023,26606.3
30097.4,30325.6,28884.9,104261,-0.034,28403.4
30202.1,30691.4,29953.8,61721,-0.003,29083.3
31127.2,31312.1,29874.8,87961,-0.03,30097.8
31370.3,31556.6,29235,140321,-0.008,30201.6
29911.2,31753.4,29888.6,94011,0.049,31128.8
29865.1,30166.9,29539,30331,0.002,31367.6
29700.9,29963.8,29489.5,33511,0.006,29913
30455.7,30674.8,29330.8,72131,-0.025,29864.3
29798.6,30638.5,29604.4,81401,0.022,29700.9
31793.1,31969.9,29396.6,135091,-0.063,30455.5
31730.2,32377.5,31221.2,86601,0.002,29798.5
29465.2,32185.6,29307.2,129561,0.077,31793.4
29027.1,29556.5,28838.7,36871,0.015,31723.3
28620.1,29194.4,28537.2,43871,0.015,29465.2
29194,29377.1,28282.2,116411,-0.021,29027.1
29537.9,29868.9,28077.9,126711,-0.011,28601.2
29648.7,30202.3,29353.5,78851,-0.004,29203.5
29091.6,29810.8,28706.1,79421,0.019,29540.6
30287.3,30644.8,28913.6,92101,-0.039,29648.7
29433,30462,29260.1,50601,0.029,29093.3
29188.7,29623.2,28953.9,32271,0.009,30286.6
30305.9,30735.1,28738.5,98781,-0.037,29434.6
28700.4,30525.1,28682.1,101381,0.057,29178.6
30437.5,30687.9,28648.1,92031,-0.058,30305.9
29856.7,30720.1,29484.5,79631,0.02,28683.7
31308.3,31312.4,29135.8,100251,-0.047,30437.5
30078.6,31383.8,29499.4,65441,0.041,29849
29285.2,30277.4,28666.7,70461,0.027,31308.7
28994.3,31002.7,28755,141231,0.011,30080.4
29073.4,30136.7,26500.5,309481,-0.003,29284.4
31008,32113.6,27835.5,296901,-0.063,28976
30098.2,32621.2,29831,235611,0.03,29068.2
34041,34227,30095,268091,-0.116,31007.5
35468,35497,33727,671051111,-0.04,30095
36003,36119,34773,288861111,-0.015,34060
36540,36646,35267,752841111,-0.015,35468
39686,39833,36183,1041111111,-0.079,36009
37717,40021,37660,691491111,0.052,36544
38515,38647,37513,367211111,-0.021,39688
38472,39134,38061,580791111,0.001,37718
37642,38676,37397,276991111,0.022,38514
38590,38776,37596,248221111,-0.024,38461
39748,39919,38175,382901111,-0.029,37650
39243,40382,38888,542391111,0.013,38581
38113,39447,37869,426831111,0.03,39748
40443,40770,37708,681471111,-0.057,39243
39464,40599,38233,654601111,0.024,38113
39434,39929,39033,283631111,0.001,40427
39709,39973,39291,190601111,-0.007,39464
40487,40792,39200,421301111,-0.019,39418
41370,42969,39793,493051111,-0.021,39709
41499,42203,40915,382841111,-0.003,40482
40809,41746,40585,268281111,0.017,41368
39700,41095,38577,484261111,0.028,41503
40382,40599,39561,210011111,-0.017,40803
40571,40691,40003,151311111,-0.004,39703
39936,40850,39781,233091111,0.016,40382
41133,41494,39585,294291111,-0.029,40560
40072,41515,39581,406701111,0.026,39936
39507,40678,39265,468271111,0.015,41133
42144,42418,39202,608381111,-0.063,40078
42760,43421,41884,255831111,-0.015,39497
42275,42809,42129,165161111,0.012,42138
43450,43979,42113,467831111,-0.027,42767
43166,43893,42747,390851111,0.006,42275
45494,45519,43122,649521111,-0.051,43448
46614,47201,45388,421111111,-0.024,43173
46407,46899,45152,446121111,0.005,45506
45813,47435,45554,398861111,0.013,46629
46299,47212,45641,345931111,-0.011,46407
45529,46728,44261,632931111,0.017,45811
47071,47624,45228,520001111,-0.033,46297
47449,47714,46601,467761111,-0.008,45525
47126,48127,47029,478821111,0.007,47075
46859,48199,46672,610271111,0.005,47449
44542,46947,44445,388791111,0.052,47105
44331,44818,44090,196301111,0.005,46859
44013,45112,43622,494091111,0.007,44548
42911,44251,42658,491661111,0.026,44331
42373,43027,41795,433961111,0.013,44013
41022,43327.9,40893,537061111,0.033,42912
41282,41532,40530,406621111,-0.006,42373
42241,42301,40922,308451111,-0.023,41022
41768,42386,41529.6,224591111,0.011,41276
40914.6,42308.4,40234.8,2311111111,0.021,42233
41118.7,41406,40557.8,1901111111,-0.005,41767.8
39282.5,41701.6,38953.2,4471111111,0.047,40914.8
39673,39854.7,38220.9,2251111111,-0.01,41118.7
37789.5,39914.3,37613.6,2331111111,0.05,39285.7
38813.2,39272.3,37603.4,1551111111,-0.026,39671.1
38730.2,39355.3,38666.5,1111111111,0.002,37792.4
39422.5,40177,38236.4,2791111111,-0.017,38814.3
41933.9,42029.1,38603.5,3621111111,-0.06,38730.2
38731.5,42538.5,38663.3,3601111111,0.082,39416.3
38020.6,39351.5,37886.6,2671111111,0.019,41929
38420.6,39532,37182.1,3021111111,-0.01,38744.8
39396.3,39668.1,38115,1931111111,-0.025,38024.8
39142.8,39600.2,38626.1,1501111111,0.007,38403.1
42463,42848.7,38594.9,3211111111,-0.078,39395.8
43912.8,44077.2,41840.8,74111,-0.033,39142.7
44420.3,45294.2,43361.3,80821,-0.011,42463
43187.2,44900.5,42876.6,90671,0.029,43912.8
37707.2,43977.8,37458.9,108071,0.146,44420.3
39116.6,39838.5,37062.3,66141,-0.037,43188.2
39221.6,40094.5,38639.1,41551,-0.002,37689.1
38339.2,39683.7,38042.6,83781,0.023,39115.5
37250.2,39351.6,34357.4,180471,0.03,39209.6
38248.2,39194.5,37099.5,64841,-0.027,38339.2
37018.3,38414.9,36399.6,82751,0.033,37224.6
38355,39444.1,36868.9,91821,-0.035,38248.2
40089.6,40120.3,38042.2,47921,-0.043,37017.7
40000.1,40434.3,39666.6,25781,0.002,38355
40532.5,40935.5,39505,64961,-0.014,40090.3
43885.5,44167.1,40103.8,72631,-0.076,40000.1
44540.9,44552.9,43377.6,41401,-0.015,40552.8
42550.3,44722.6,42460.1,56341,0.047,43883.6
42061.1,42799.7,41591.3,53601,0.012,44544.4
42205.5,42725.1,41880.1,25881,-0.003,42550.3
42388.4,43006.4,41776.8,37881,-0.004,42061.1
43519.3,43915.1,42023.4,69951,-0.026,42205.2
44388.9,45755.2,43242.5,89691,-0.02,42388.4
44038.2,44800.4,43163,50921,0.008,43521
43833.9,45399.8,42705,92881,0.005,44388.9
42385.2,44468.3,41695.4,76601,0.034,44038.2
41411.9,42614.8,41176.3,31201,0.024,43833.9
41566.5,41899.8,40963.3,46321,-0.004,42392.2
37287.8,41689,37041.1,95491,0.115,41412.1
36890.2,37304.3,36297.3,50351,0.011,41567.6
38711.2,38853.8,36682.3,53741,-0.047,37287.8
38475.6,39230,38037.9,55201,0.006,36890.2
37923.8,38701.4,36672.8,61271,0.015,38709.7
38167.5,38313.3,37390.6,34101,-0.007,38498.6
37736.5,38663.7,37350.2,42771,0.011,37917.7
37195.6,37995.9,36176.5,69451,0.016,38170.8
36800.1,37215.4,35543.2,83521,0.01,37745.1
36962.3,38862.6,36280,107871,-0.004,37164.3
36691.3,37501.8,35729.3,79681,0.007,36800.4
36268.6,37424,32985.6,153771,0.012,36950.6
35072.9,36513,34655.2,70431,0.034,36686.3
36467.7,36749.8,34116,138091,-0.038,36269.5
40698.1,41104.6,35503.9,155801,-0.104,35075.2
41683.6,43487.1,40568.3,65281,-0.023,36475.5
42365.3,42558,41160.9,53771,-0.016,40715.9
42209.9,42674.2,41300.7,47321,0.004,41677.8
43080.5,43179.6,41559.4,41441,-0.02,42364.6
43079.2,43462,42643.3,28661,0,42209.3
43073.6,43777.9,42586.1,31441,0.001,43079.1
42562.2,43435.1,41848.7,50501,0.012,43097
43900,44404.7,42337.5,53421,-0.031,43073.3
42735,44243.6,42476.7,53951,0.027,42560
41829.1,43090.2,41287.6,61781,0.022,43901
41848.9,42243.8,39697,85501,0,42733.2
41681.2,42764.4,41260.9,37511,0.004,41832.2
41551.3,42304.4,40574.3,52541,0.003,41848.3
43097.9,43127.7,40810,88361,-0.036,41672
43431.6,43772.3,42481.1,63081,-0.008,41546.7
45833.1,47019.4,42535.1,83741,-0.053,43097.5
46435.7,47505.4,45602.1,55591,-0.013,43425.9
47293.9,47556,45704,41061,-0.019,45837.3
47738.7,47944.9,46718.2,27021,-0.009,46430.2
46217.5,47917.6,46217.5,31241,0.033,47311.8
47123.3,48553.9,45693.6,58181,-0.019,47738
46470.7,47901.4,46003,60961,0.014,46219.5
47548.4,48121.7,46127.8,63921,-0.023,47123.3
50703.4,50703.8,47345.7,74391,-0.062,46461.7
50783.6,52016.3,50459,43901,-0.002,47545.2
50404,51247,49527,32341,0.007,50678.2
50789.6,51140.2,50196.8,26671,-0.008,50779.9
50807.4,51795.3,50428.4,45971,0,50406.4
48599.6,51355.6,48053.4,56241,0.045,50786.1
48898.7,49540.3,48449.7,40891,-0.006,50801
46900.1,49306.1,46654,57881,0.043,48599.7
46703.4,47488.9,45577.3,57531,0.004,48902
46855.7,48270.2,46438.4,44051,-0.003,46895.2
46171.8,47330.2,45513.4,36931,0.015,46704.5
47630.4,47997.2,45523.8,67501,-0.031,46856.2
48876.6,49387.8,47543.9,48201,-0.025,46172.2
48366.2,49477.9,46572.6,80281,0.01,47628.2
46709.8,48635,46338.3,62541,0.036,48871.5
50075.9,50196.1,45848.2,80371,-0.067,48366.5
49332.5,50779.2,48670.5,40301,0.016,46703.6
47138.4,49487,46834,45231,0.046,50081
47591.7,49974.8,47007.1,68061,-0.01,49314.5
50477.6,50790.2,47341.9,58691,-0.057,47137.2
50596.6,51204.7,48700.7,55591,-0.002,47596.6
50547.4,51918.6,50070.9,56291,0.001,50473.9
49412.1,50913.3,47237.9,89681,0.023,50595.2
49196.4,49689.3,47797.8,72031,0.004,50562.1
53620.7,53847.2,42587.8,168001,-0.083,49405.5
56495.2,57543.6,52008.9,89201,-0.051,49195.2
57207.8,57377.5,55807.9,54941,-0.013,53631.5
56891.7,59064.3,56496.5,66751,0.006,56496
57795.2,59174.4,55936.9,73661,-0.016,57210.3
57288.1,58855.2,56726.7,58651,0.009,56882.9
54758,57392.3,53448.3,49281,0.046,57794.8
53747.2,55280.3,53654.3,40711,0.019,57291.5
58937.3,59151.1,53533.5,104031,-0.088,54765.9
57167.1,59387.3,57029.8,56791,0.031,53730.9
57559.4,57697.4,55910.6,56681,-0.007,58935.1
56304.8,57855.1,55542.5,72481,0.023,57171.7
58719.7,59288.3,55656.8,76451,-0.041,57573.2
59724,60002.6,58528.3,40981,-0.017,56308.8
58080.8,59854.6,57435.3,44531,0.028,58714.3
56908.3,58335.9,55626.3,74441,0.02,59717.6
60368.2,60936.9,56524.4,100371,-0.057,58083.4
60074.2,60814.5,58531.9,73931,0.005,56955.3
63605.1,63605.6,58655.9,115361,-0.055,60367.8
65514.9,66311.2,63439.5,53531,-0.029,60089.1
64397.2,65508.2,63608.3,33981,0.017,63597.9
64133.3,64906,63381.4,30341,0.004,65508.2
64782.6,65449.7,62309.7,63271,-0.01,64398.6
64922.8,65583.3,64121.9,50371,-0.002,64134.5
66942.6,68990.6,62951.3,96211,-0.03,64806.7
67528.7,68493.3,66334.9,66131,-0.009,64932.6
63276.4,67763.3,63276.4,81081,0.067,66904.4
61483.8,63273.2,61347.2,34341,0.029,67527.9
60973.2,61543.2,60093.6,34891,0.008,63273.2
61411.5,62560.3,60742.4,44461,-0.007,61483.9
62915.4,63077.6,60742.9,49911,-0.024,60974.3
63223.5,63508.6,60883,61051,-0.005,61412.6
60912.2,64256.4,60651.5,65261,0.038,62918.5
61310.1,62430.1,59612.7,61211,-0.006,63221.7
61842.2,62393.7,60005.7,50061,-0.009,60915.3
62245,62338.5,60786,40511,-0.007,61309.6
60579.9,62952.2,60322.2,63391,0.027,61840.1
58437.2,62251.3,58128.1,88471,0.037,62242.8
60312.5,61452.9,58112.6,88111,-0.031,60582.5
63067.5,63275.1,59907.3,57131,-0.044,58438.1
60864.3,63694.8,60655.8,51061,0.036,60310.8
61308.2,61469.9,59523.7,42671,-0.007,63067
60693.2,61728.7,59738.3,37051,0.01,60866.5
62200.8,63699.7,60055.7,75691,-0.024,61312.5
66004.6,66616.9,62092.1,105381,-0.057,60690.3
64276.9,66967.1,63543.7,79871,0.027,62210.2
62030.2,64454,61451,80161,0.036,65979.1
61525.8,62623.6,60026.9,80151,0.009,64278.5
60865.5,61651.4,59143.4,53391,0.011,62056.3
61669.2,62329.2,60161.9,49931,-0.013,61527.5
57348.2,62892.8,56874.8,121481,0.075,60861.1
57370.4,58506.5,56866.8,59841,-0.001,61672.5
56014.5,57697.4,54314.4,73621,0.024,57345.8
57480.6,57635.7,54155.4,74851,-0.025,57380.1
54686.9,57814.1,54457.8,73841,0.051,56015.9
54942.5,56432.2,54100.8,104431,-0.005,57477.3
53924.1,55430.8,53711.7,64651,0.019,54687.7
53785.5,55977.9,53659.3,64051,0.002,54942.5
55325.2,55325.6,53476.4,75681,-0.028,53914.7
51470,55676.1,50439.5,116261,0.075,53783.9
49229.5,51872.4,49060.1,76631,0.046,55323.2
48200.4,49481.7,46958.6,66921,0.021,51469.3
47665.4,49165.2,47123,42411,0.011,49227.3
48147.2,48306.9,47451.7,39821,-0.01,48200.1
43824.4,48435.2,43292.9,94661,0.099,47666.9
41534.5,44101.2,41416.7,64321,0.055,48146
41023.1,42571.2,40815,48211,0.013,43823.3
42169.9,42758.8,40906.4,60011,-0.027,41536.8
43200.9,44293.2,42143.9,54121,-0.024,41022.3
42685.8,43907.3,40786.6,69911,0.012,42172.6
42818.7,42959.3,41714.5,46351,-0.003,43203.4
44867.4,45112,40908.5,128881,-0.046,42686.8
43550.7,44949.8,43090.1,74541,0.03,42819.9
40660.8,43976.7,40585.7,93981,0.071,44869.2
43012.3,43619.3,39646.8,142551,-0.052,43551.6
47240.8,47323.9,42547.1,77961,-0.093,40651.3
48299.9,48341.9,46866.6,41981,-0.022,42870.6
47283.9,48761,47070.5,43641,0.022,47238.7
47748.2,48155.9,46788.8,50161,-0.01,48306.7
48132.3,48480.6,47040.3,60911,-0.008,47282.8
47070.8,48436.5,46743.9,63401,0.022,47748
44950.2,47247.6,44718.7,65331,0.047,48130.6
46060.8,46807.7,43463.2,96151,-0.024,47077.5
45162.6,46386.4,44755.2,44521,0.02,44949.5
44844.9,45975.6,44766.6,41581,0.007,46062.3
46385.9,47021.6,44283.6,75621,-0.033,45161.9
46057.6,47305.7,45609,73631,0.007,44842.8
46774.1,47316.9,44493.7,100481,-0.015,46385.6
52674.2,52885.3,43072.4,187561,-0.112,46061.4
51769.4,52726.2,51002.8,69461,0.018,46779.6
49918.7,51878.2,49492.4,57301,0.037,52672.1
49999.3,50534.6,49461.4,48141,-0.002,51768.6
49269.5,51008.8,48377.3,88081,0.015,49918.4
48817.8,50355.3,48612.9,80211,0.009,49999
47129.2,49121,46533.1,74381,0.036,49274.3
46989.1,48217,46709.3,71481,0.003,48819.4
48777.1,48886,46876.9,61681,-0.037,47130.4
48899.7,49621.7,47870.1,47621,-0.002,46992.7
49062.8,49289.4,48428.5,36731,-0.003,48777.4
46830.2,49142,46371.5,62471,0.048,48897.1
48994.4,49347.8,46360.4,73791,-0.044,49064.3
47707.4,49230.2,47163.3,63541,0.027,46831.6
49532.5,49847.4,47623.6,74261,-0.037,48994.5
49255.4,50498.8,49038.6,75371,0.006,47714.7
48870.4,49480.3,48151,49321,0.008,49539.7
49330,49719.1,48293.5,18201,-0.009,49254.5
46756.7,49343.3,46646.8,83191,0.055,48875.8
44725.9,47012.3,43986.7,77921,0.045,49324
44691.1,46004.9,44230,22361,0.001,46755.9
45907.5,47140.6,44441.3,84141,-0.028,44723.8
46991.6,48002.4,45672.1,2411,-0.021,44691.6
47082.6,47344.1,45564.1,58111,-0.002,45996.3
47809.6,48090.9,46117.2,64291,-0.015,46991.3
44404,47836,44242.4,75271,0.077,47081.5
45562.3,46213.8,43814.7,81071,-0.026,47809.1
45593.2,46736.5,45367.9,75431,-0.001,44403.4
46281.8,46663.4,44681.2,80551,-0.015,45564.3
43794.9,46460.7,42824.1,117081,0.057,45593.8
44584.9,45284.1,43314.4,105251,-0.018,46284.3
42784.7,44697.3,42611,112841,0.043,43792.8
40868.4,43253.4,39905.4,111931,0.047,44614.2
39734.4,41366.3,37365.4,130601,0.028,42795.4
38188.4,39956.5,37556,79221,0.042,40867.2
39167.4,39766.6,37688.2,261,-0.027,39736.9
39869.8,40449,38692.5,74811,-0.018,38130.3
41510,42565,39556.5,80331,-0.04,39168.4
42201.4,42285.3,41066.4,44651,-0.015,39878.3
40001.1,42264.4,38358.4,98451,0.055,41553.7
40009,40630.7,39340.8,75301,0,42203.4
39450.4,40862.2,38883.8,148921,0.014,40001.4
37294.3,39455.9,36427.4,100241,0.058,40003.2
35392.3,40522.9,35236.7,177631,0.053,39452
34392.5,35391.1,33881.3,65101,0.046,37276.6
33600.5,33955,33412.9,67141,0.007,35391.1
32297.9,33605.6,32041.1,66151,0.04,33824.8
32131.7,32585.4,31729.4,64871,0.005,33603.3
29794.7,32794.6,29519.3,118341,0.079,32298.9
30835.4,31040.8,29310.2,97461,-0.034,32131.4
31782.9,31887,30478.2,77481,-0.03,29793.8
31517.9,32408.2,31220.6,57011,0.009,30837.2
31384.4,31914.8,31207.8,58061,0.004,31785.4
31842.3,32239.8,31062.2,70481,-0.014,31518.6
32820.5,33157,31175.8,76951,-0.03,31394
32727.8,33051.9,31611.2,69561,0.003,31840.5
33106.1,33307.7,32259.5,60041,-0.012,32820.7
34228.3,34598,32662.8,63241,-0.033,32728.1
33510.8,34580.6,33319.8,35721,0.021,33113
33797.7,34221,33056.8,50941,-0.009,34227.7
32866.3,34079.2,32367,67141,0.028,33510.6
33859.4,33923.2,32146.9,108091,-0.03,33797.4
34228.7,35036.6,33801.3,72031,-0.011,32866.3
33688.5,35062,33581.7,83631,0.016,33867.8
35297,35300.5,33164.1,88361,-0.046,34225.6
34742.8,35957.6,34740.1,56131,0.016,33687.8
33814.2,34909.8,33363.3,55691,0.028,35298.2
33542.2,33925.9,32734.6,78931,0.008,34742.8
35030.7,35032.7,32839.2,27411,-0.042,33813.4
35832.6,36089.5,34126.6,107071,-0.023,33543.6
34477.3,36590.3,34247.6,97271,0.039,35026.9
34682.2,35231.2,33944.9,112001,-0.006,35834.7
32247.1,34685.5,32041.7,148801,0.076,34475.9
31592.1,32643,30206.9,156671,0.021,34678.5
34660.5,35490.9,31337.9,193431,-0.089,32243.4
33678.1,35249.9,32356.7,119251,0.029,31594
32498.3,34784.3,31736.5,173341,0.036,34665.8
31682.7,33272.5,28901.8,309651,0.025,33674.3
35597.9,35708.4,31284.1,256871,-0.11,32496.4
35510.9,36097.9,33378,137481,0.002,31692
35770,36357.3,34845.5,105461,-0.007,35595.8
38045.5,38166,35198.5,102841,-0.061,35513.4
38337.8,39529.9,37425.3,109581,-0.007,35749.4
40148.1,40494.4,38156.4,123521,-0.045,38052
40522.5,41318,39589.9,117551,-0.009,38336
39024.1,40970.4,38769.9,157351,0.039,40156.1
35467.5,39321.6,34827,123321,0.1,40529.4
37334.4,37437.3,34703.3,87731,-0.05,39022.9
36654.3,37641.1,36003.3,109151,0.018,35467.5
37375.2,38340.8,35824,154321,-0.018,37314.6
33385.5,37517.6,32428.6,209821,0.118,36649.4
33574.6,34047.8,31158.1,193541,-0.006,37332.2
35815.4,36754.6,33410.1,119501,-0.063,33382.9
35518.7,36434,35265.3,62201,0.008,33578
36841.2,37887.6,34832,101481,-0.036,35815.4
39191.4,39255.4,35659.9,127711,-0.06,35520
37555.7,39462.3,37193.6,106441,0.043,36851.3
36687.7,38199.9,35981.1,96891,0.024,39187.3
37294.3,37850.3,35742.7,113481,-0.016,37555.8
35644,37480.7,34213.2,131701,0.046,36687.6
34589.3,36388.6,33441,104181,0.031,37298.6
35664.5,37227.1,33664.2,160431,-0.03,35652.8
38543.2,38844.1,34772.4,199581,-0.072,34584.6
39249,40322.2,37190.8,122931,-0.021,35662.5
38375.7,40750,37847,153801,0.023,38417.3
38753.6,39740.8,36540.7,163011,-0.01,39249.2
34720.3,39851.7,34474.6,244881,0.117,38378.3
37446.8,38248.7,31192.4,325731,-0.074,38750.6
37291,38776,35314.9,185831,0.004,34679.7
40611.2,42108.3,33592.3,315501,-0.084,37448.3
36706.8,42425.9,35010.4,269751,0.109,37297.4
42898.3,43516.6,30261.7,607101,-0.144,40717.2
43538.5,45770.9,42293.9,154961,-0.015,36720.5
46424.2,46545.4,42201.5,274761,-0.062,42897.3
46729.3,49764.3,43920.8,180071,-0.006,43541.3
49839.1,50640.9,46650.2,131911,-0.063,46426.4
49704.9,51459.2,48874,118841,0.003,46708.8
49398.2,51337.3,46331.1,236711,0.007,49839.8
56694.5,57938.5,49187,160741,-0.129,49704.6
55846.1,56871.1,54550.4,96471,0.015,49384.2
58251.2,59523.9,53678.3,142611,-0.041,56695.7
58840.6,59227,56414.4,103591,-0.01,55848.9
57330.3,59471.1,56972.2,101271,0.026,58238.3
56411.4,58639.3,55300.1,110011,0.017,58840.1
57441,58364.9,55294.5,109021,-0.018,57337.2
53872.5,57936.4,53872.5,119821,0.069,56405.4
57170.6,57201.3,53741.5,132331,-0.06,57441.3
56605.8,58925.1,56562.4,89241,0.01,53741.5
57807.2,57868.4,56110.5,53611,-0.021,57169.8
57719.1,58449.4,57029.5,63411,0.002,56603.8
53562.3,57925.6,53088.7,103741,0.078,57807.1
54838.6,55173.7,52400,83901,-0.023,57720.3
55036,56419.9,53876.4,86961,-0.004,53560.8
54011.1,55427.8,53345,84081,0.019,54841.4
48963.5,54320.9,48815.9,129761,0.103,55036.5
50088.2,50532.4,47098.5,59201,-0.023,54020.5
51140.8,51183,48775.2,82251,-0.021,48963.6
51707.1,52099.9,47659.4,214461,-0.011,50088.9
53821.3,55408.4,50590.9,168131,-0.039,51143.6
56479.5,56764.4,53657.6,100261,-0.047,51729.5
55645.1,57054.9,53422.5,115491,0.015,53820.2
56208.1,57517,54272.3,117511,-0.01,56483.2
60043.2,60362.1,51817.6,216811,-0.064,55646.1
61358.3,62509.1,59672.1,84081,-0.022,56207.1
63211.6,63518.5,60027.3,136851,-0.029,60041.9
62978.6,63729.1,62067.5,76971,0.004,61379.7
63544.2,64778,61366.3,130431,-0.009,63216
59863.6,63659,59839.4,126561,0.061,62980.4
59982.1,61259.9,59569.2,81881,-0.002,63540.9
59772.4,60667.1,59250.3,58201,0.004,59863.8
58127.4,61229,57900,103721,0.028,59978.7
58076.8,58890.9,57686,59221,0.001,59748.4
55948,58136.7,55721.6,64781,0.038,58118.7
57996.3,58627.7,55489.3,110691,-0.035,58077.4
59169,59487,57403.3,77151,-0.017,55948.7
58202.3,59205.1,56842.7,54131,0.014,57996.3
57059.7,58464.8,56470.6,57211,0.02,58993.4
58976.8,59770.5,56906.7,68741,-0.033,58199.9
58718.2,60134.9,58466.5,72371,0.004,57059.9
58763.2,59406.5,58040.7,69041,-0.001,58977.3
58771.4,59795.6,56991.6,98061,0,58718.3
57614.6,59366.9,57077.1,86211,0.02,58763.7
55764.7,58392.6,54951.1,107911,0.033,58771.3
55856.9,56504.2,54711.3,58711,-0.002,57616.2
55033.8,56531.1,54010.2,73871,0.015,55765.2
51317.4,55074.1,51302,100301,0.072,55862.9
52330,53175.4,50441.3,143351,-0.019,55036.1
54309.1,57169.4,51725.4,137911,-0.039,51322.3
54117.5,55813.8,52992.3,84841,0.005,52325.4
57379.3,58379.9,53784.2,95531,-0.056,54452.5
58097.4,58583.8,55583.3,77471,-0.012,54158.3
58084.1,59882.1,57863,67831,0,57383.8
57645,59448.3,56305.1,83981,0.008,58093.4
58911.8,60088,57099.6,102621,-0.021,58088
56892.9,58933.2,54253.2,118261,0.036,57656
55619.5,56889.7,53342.6,128511,0.02,58913.5
59117.4,60565.9,55088.8,117711,-0.056,56889.7
61192.7,61673.7,59113.7,80291,-0.034,55791.3
57267.4,61795.8,56118.8,134641,0.069,59113.7
57806.2,58052.3,55134.5,116961,-0.009,61195.3
55851.2,58135,54351.8,129631,0.035,57265.1
54882.7,57328.7,53073.6,140961,0.018,57799.5
52352.4,54880.6,51941.3,114061,0.049,55851.9
50988.9,52384.9,49338.1,68141,0.026,54879
48899,51434.1,48890.6,82911,0.044,52311
48798.7,49191.8,47132.8,66661,0.001,50982.3
48363.6,49429.4,46370.1,113641,0.008,48855.6
50388,51757.7,47521.8,9561,-0.039,48792.5
48422.2,52567.9,48159.2,44931,0.041,48428
49595.6,50191.9,47100.6,102101,-0.024,50395.1
45160.5,49774,45008.8,137521,0.098,48424.2
46136,46582,43100.6,135081,-0.021,49595.5
46333.1,48335.1,45059.4,98751,-0.005,45164
46928.5,48413.9,44248.2,189411,-0.012,46136.7
49695.9,52013.8,46773.7,83221,-0.056,46345.6
48911.1,51311.8,47031.7,153751,0.016,46928.5
54114.1,54115,45093.8,315071,-0.096,49697.5
57437.6,57480.8,48353.8,244951,-0.058,48911.2
55907.6,58335.1,55502.7,87261,0.027,54111.8
55922,57523.8,54124.1,127851,0,57433.8
51590.1,56238.5,50816.8,139431,0.084,55923.7
52094.5,52524,50941.6,94351,-0.01,55906.6
49161.3,52577.7,49018.1,140031,0.059,51582.2
47934.2,50515.8,47044.4,141371,0.026,52079.2
48611.1,48936.5,45786.1,123181,-0.015,49169.7
47172.1,49695.1,47051.9,106501,0.031,47936.3
47373.1,48097.3,46270.5,89421,-0.004,48643.4
47995,48927.4,46218.6,133731,-0.013,47168.7
44834.8,48622.1,44041.1,145771,0.07,47371.7
46507.8,47295.3,43800.5,151831,-0.036,47990.7
46396.4,48143.5,45104.7,193871,0.002,44836
38853.6,46596.4,38057,248471,0.194,46508.6
39228.9,39691.7,37381.6,125371,-0.01,46395.7
38300.6,40939.7,38275.3,156021,0.025,38852.9
36976.4,38303.6,36640,100601,0.036,39256.6
37648.9,38707.9,36380.8,151441,-0.018,38297.6
35486.9,37646.8,35401.5,131031,0.061,36982.1
33514,35976.1,33462.4,120851,0.059,37646.8
33106.8,34685.6,32324.9,126321,0.012,35485.2
34281.6,34348.3,32189.9,101921,-0.034,33515.7
34300,34920.9,32908.5,128571,-0.001,33108.1
33381.7,38546,31953.3,297731,0.028,34283.1
30408.9,33790.8,29911.9,167391,0.098,34301.8
32499.6,32545.4,29290.4,194351,-0.065,33374.8
32244.1,32917.7,30850,139841,0.008,30404
32244.3,34854.3,31967.4,142431,0,32502.1
32088.5,33034.8,30982.9,88211,0.005,32252.3
32994.1,33441.4,31418.2,100701,-0.028,32241.3
30838.7,33821.2,28871.2,243091,0.07,32088.9
35472.3,35591.1,30101.8,253271,-0.131,33000.5
35862.1,36384.4,33444.5,153611,-0.015,30842.1
36630.6,37821,36001.4,79111,-0.017,35476.3
35838.2,37436.8,34801,111521,0.022,36002.9
36020.1,36801.3,33883.5,126821,-0.005,36613.2
36751.8,37931.7,35408.4,137021,-0.022,35839.6
39175.7,39715,34488.7,118421,-0.06,36019.5
37383.4,40054.3,36772.1,172401,0.048,36845.8
34061.2,37764.6,32451.9,209931,0.097,39175.7
35426,36598.7,32572.7,241931,-0.041,37382.2
38195.3,38217.2,30411.6,251041,-0.069,34076.1
40149.7,41362.4,35141.6,215781,-0.049,35544.3
40607.2,41363.5,38775.1,128421,-0.011,38192.2
39466.4,41921.7,36613.4,251291,0.029,40151.9
36798.5,40340.9,36361.2,249601,0.073,40599.3
33999.3,36934.8,33408.3,227561,0.082,39460.2
32015.4,34414.7,30010.5,202131,0.062,36793.2
33016.6,33587.5,28204.5,255271,-0.028,33991.5
32192.9,34755.9,32029.6,155211,0.024,32022.6
29359.7,33233.5,29008,240871,0.097,32958.9
28951.7,29627.1,28712.4,100901,0.014,32193.3
28866.8,29298.8,28025,136691,0.003,29359.9
27374.5,28979.3,27374.5,159821,0.055,28949.4
27065.3,27390.7,25902.8,119571,0.012,28868.7
26259.2,27444.9,26144.3,126981,0.03,27376
26460.3,28360.3,25858.2,231231,-0.007,27057.8
24714.7,26826,24515.1,155771,0.072,26261.3
23728.7,24778.9,23445.3,2401,0.04,26454.4
23253.2,23783.7,22737.3,104591,0.021,24689.6
23820.8,24063.7,22694.7,178471,-0.024,23736.5
22730.4,23825.4,22388.6,130751,0.048,23257.9
23474.1,24101.9,22015.5,154691,-0.032,23823.2
23843.6,24280.9,23098.9,114091,-0.016,22728.5
23127.6,24107.1,22797,133881,0.031,23474.9
22823.3,23272.8,22361.5,131801,0.013,23844
21352.3,23738,21243.1,310741,0.069,23127.9
19434.7,21525.3,19299.7,199811,0.099,22825.4
19273.9,19556.3,19076.2,98391,0.008,21352.2
19176.4,19346.5,19007,67111,0.005,19434.9
18808.1,19403.6,18716.8,82451,0.02,19273.8
18026.7,18936.2,18025.1,71371,0.044,19176.8
18250.5,18288.3,17600.1,111531,-0.012,18808.9
18546.1,18551.8,17926.8,85311,-0.016,18023.6
18322.4,18637.9,17658.8,129721,0.012,18247.2
19170.8,19288.6,18229.2,101411,-0.044,18546
19368.4,19424.6,18908.8,61981,-0.011,18326.6
19146,19417.1,18873,54561,0.012,19170.7
18657.5,19172.7,18507.1,59441,0.026,19379.9
19431.1,19529.5,18610.8,110631,-0.04,19146.5
19219.8,19596.6,18883.7,99971,0.011,18658.1
18767.9,19335.5,18346.7,91921,0.024,19433.3
19697.8,19897.4,18257,208721,-0.047,19218.8
18186,19831.2,18186,185591,0.083,18770.7
17729.7,18336.3,17530.4,79121,0.026,19698.1
17142.6,17874.4,16874.4,95201,0.035,18185.5
17160.9,17450.3,16481.6,138801,-0.002,17730.7
18721.9,18894.9,16235.2,312071,-0.083,17127.1
19151.5,19486.7,18527.7,146121,-0.022,17162
18394.6,19416.6,18074.8,180791,0.042,18723
18428.1,18756.8,18016,127351,-0.002,19152.6
18689.3,18751.5,17644.6,121761,-0.015,18379.6
18673.8,18966,18397.5,108911,0.001,18412.9
17805.5,18811,17758.4,134421,0.049,18687.2
17775.1,18166,17380.1,135941,0.002,18675.2
17662.3,18466.1,17258.9,233431,0.006,17803.5
16715.8,17845.4,16562,175871,0.057,17774.6
15954.1,16880.7,15870.7,118091,0.048,17662.3
16074.7,16158.1,15782.3,58431,-0.007,16715.8
16323.1,16328.2,15717.7,83641,-0.016,15953
16293,16474.1,15973.4,113751,0.002,16071
15695.8,16342.7,15483.5,165541,0.038,16324.2
15303.1,15953.9,15281,119071,0.026,16294.7
15328,15465.3,15096.5,93361,-0.002,15695.8
15483.3,15819.6,14816.9,165041,-0.01,15303.6
14826.6,15648.3,14720.7,94991,0.044,15327.2
15578.2,15754.4,14385.1,160731,-0.048,15483.7
15593.9,15955.2,15223.5,186131,-0.001,14828.4
14145.6,15739.9,14099.7,227491,0.102,15577.9
14023,14238.8,13544.4,140801,0.009,15587.1
13560.5,14054,13294.6,108171,0.034,14145.6
13759.7,13828.4,13214.2,97761,-0.014,14019.9
13795.5,13889.5,13628.7,51711,-0.003,13561.4
13560.2,14065.4,13441.7,102751,0.018,13759.4
13457,13667.9,13134.5,108771,0.008,13797.3
13278.3,13640,12982.9,111231,0.013,13559.9
13658.3,13851.7,12907.6,144181,-0.028,13457.2
13061.5,13782.3,13050.3,128641,0.046,13278.9
13033,13229.7,12792.4,89471,0.002,13657.8
13117,13345.3,12900.4,59731,-0.007,13061.6
12933.6,13161.5,12876.4,51201,0.014,13032.2
12972.7,13025.5,12738.9,73941,-0.003,13117.2
12805.5,13183.9,12698.2,113311,0.013,12934.1
11913.6,13213.5,11894.6,197721,0.075,12974.6
11753.9,12029.4,11685.7,94591,0.014,12808.7
11507.1,11823.3,11413.9,73041,0.021,11913.5
11362.1,11506.9,11349.8,31511,0.013,11753.4
11321.8,11402.7,11274.4,29861,0.004,11506.9
11503.2,11542.2,11224.6,71421,-0.016,11362.1
11421.4,11590.9,11276.7,70841,0.007,11322
11424.4,11541,11293.5,59121,0,11503
11533.5,11558,11315.9,64671,-0.01,11420.4
11370.8,11715.9,11227.4,84021,0.014,11423.8
11295.6,11439.4,11277.6,41061,0.006,11533.9
11053.5,11475,11053.1,65811,0.022,11371
10923.5,11103,10836.9,70951,0.012,11298.4
10670.7,10948.6,10549.6,79781,0.024,11054.2
10601,10680.1,10553.3,49271,0.006,10924.1
10790.2,10800.3,10530.8,69071,-0.017,10670.9
10672.5,10789.6,10623.4,48861,0.011,10602.6
10544.4,10693.3,10520.8,31401,0.012,10789.5
10572.2,10597.8,10501.2,29101,-0.003,10672.9
10619.6,10662.9,10387.6,77941,-0.005,10544.2
10776.6,10913.7,10462.7,95331,-0.014,10572.3
10843.4,10847.7,10667.6,55551,-0.006,10620.5
10694.3,10858.4,10642.4,59641,0.014,10776.1
10776.4,10946.6,10685.2,72291,-0.008,10840.9
10727.9,10799.2,10602.7,40921,0.005,10693.2
10688.9,10793.3,10650.2,37851,0.004,10776.2
10739.9,10756,10558.9,71431,-0.005,10727.9
10238.1,10787.8,10201,82951,0.049,10688.8
10531.5,10535.4,10146.6,74951,-0.028,10739.4
10419.4,10570.7,10361.7,63521,0.011,10237.3
10919.9,10987.2,10328.5,109851,-0.046,10531.5
11081.6,11081.6,10772.7,53391,-0.015,10416.8
10933,11177.1,10890.7,51631,0.014,10921.5
10941.3,11029.7,10818.7,63481,-0.001,11081.8
10950.1,11039.3,10755.2,77221,-0.001,10933
10785.2,11093.3,10669.2,94941,0.015,10941.3
10675.2,10931.8,10627.8,91701,0.01,10949.5
10332.7,10744.3,10264.5,96641,0.034,10785.3
10441.7,10579.6,10219.4,66121,-0.011,10675.3
10390.2,10476.8,10275.9,48491,0.005,10326
10339.8,10398.8,10212.6,62281,0.005,10441.9
10224.3,10480.3,10219.2,88011,0.011,10390.2
10126.8,10343.3,9984.6,71371,0.01,10339.7
10376.9,10434.4,9877.1,113901,-0.024,10224.6
10296.4,10400.9,9887,12401111,0.008,10126.6
10092.2,10337.7,10004.7,12121111,0.02,10376.9
10472.3,10558.7,9897.8,14721111,-0.036,10296.4
10168.7,10614.2,9960.3,12501111,0.03,10092.2
11413.2,11442.7,10009.5,9651111,-0.109,10472.5
11914.4,11947.5,11244.9,20261111,-0.042,10168.8
11644.2,12045.9,11544.6,580691,0.023,11413.3
11701.1,11760.2,11563.8,496141,-0.005,11914.9
11468.1,11704.2,11462.6,409361,0.02,11644.2
11527.8,11576.8,11433.5,389851,-0.005,11702
11327.5,11539,11281.9,464941,0.018,11468.1
11462.3,11580.3,11135.3,560591,-0.012,11527.4
11324.9,11533.6,11254.6,513061,0.012,11327.4
11752.9,11766.9,11131,594071,-0.037,11462.3
11641.6,11824.6,11587.1,429131,0.01,11324.8
11661.1,11705.4,11520.8,377331,-0.002,11753.5
11529.2,11677,11382.1,433981,0.012,11641.6
11856.9,11877.4,11495.6,506381,-0.028,11661.3
11751,11881,11672.7,430931,0.009,11529.2
11944.4,12013.2,11602.6,550261,-0.017,11856.9
12283,12381.4,11842,606791,-0.027,11750.2
11898.8,12444.1,11764,628411,0.032,11947.6
11845.5,11922.5,11688.9,410811,0.005,12282.6
11751.1,11964,11711.5,499101,0.008,11899
11771.1,11835.5,11651.5,435441,-0.002,11845.3
11557.2,11772.9,11298.4,545671,0.019,11750.8
11390.4,11605.4,11190.6,549591,0.015,11770.9
11889.2,11931.8,11146.7,615901,-0.042,11557.2
11681.1,12041.1,11546.9,564111,0.018,11390.4
11764.4,11792.8,11527.5,303001,-0.007,11889.2
11591.6,11805.5,11533.5,317061,0.015,11681.2
11757.1,11901.8,11352.4,517001,-0.014,11764.3
11735,11898.4,11563,554851,0.002,11592
11184.8,11771.5,11114.5,570831,0.049,11757.1
11223.8,11407.8,11043,485791,-0.004,11735.1
11066.9,11461.1,10981.6,470241,0.014,11184.7
11802.6,12061.1,10730.7,647951,-0.062,11224.4
11333.2,11847.7,11226.1,611471,0.041,11066.8
11096.5,11434.8,10964.6,530951,0.021,11803.1
11105.8,11164.4,10861.6,501141,-0.001,11333.4
10908.4,11336.5,10771.8,576831,0.018,11096.2
10961.1,11046.1,10873.6,658371,-0.01,11105.9
9932.7,11367,9894.6,908991,0.11,10908.5
9690,10086.6,9645.9,415071,0.024,11022.8
9546.7,9729.3,9536.2,306291,0.017,9932.5
9599.2,9626.2,9480.5,359161,-0.006,9704.1
9513.6,9646.5,9451.1,425661,0.009,9546.4
9387.4,9523.1,9296,386001,0.014,9599.6
9162.3,9426.9,9155.1,458991,0.025,9513.7
9208.1,9218.4,9139.9,312981,-0.005,9387.3
9170.1,9224.8,9106.4,265251,0.004,9162.4
9155.8,9198.8,9126.7,276401,0.002,9208
9135.4,9181.9,9091.5,310921,0.002,9170.2
9198.7,9224.2,9052,429041,-0.007,9155.8
9253.6,9270.2,9168.7,429841,-0.006,9135.3
9243.1,9274.8,9135.7,453831,0.001,9198.7
9300.5,9329.6,9207.6,456871,-0.006,9253.4
9234.2,9337.8,9170.4,366881,0.007,9243.6
9285.8,9295.5,9184.2,353921,-0.006,9300.8
9239,9309.8,9131.9,418471,0.005,9233.3
9430.1,9434.5,9176,444271,-0.021,9285.1
9256.3,9458.3,9233.1,509941,0.019,9235.7
9338.8,9371.2,9209.3,420551,-0.009,9429.9
9080.4,9363,9063.2,510271,0.028,9256
9134.3,9149.6,8932.1,314101,-0.006,9339
9067.1,9182.3,9049.6,261251,0.007,9081
9085,9120.4,9050.9,333881,-0.002,9134.4
9229.9,9259.7,8962.1,483101,-0.016,9067.1
9135.9,9289,9101.1,366781,0.01,9085.1
9186,9199.8,9075.3,381731,-0.005,9229.9
9122.8,9229.1,9033.6,401121,0.007,9135.4
9008.4,9185.5,8950.2,329011,0.013,9185.4
9160.5,9190.5,8865.3,441931,-0.017,9124
9247.5,9296.5,9060.1,489841,-0.01,9008.3
9300.8,9327.3,9022.6,524451,-0.006,9160
9624.6,9667.4,9223,515781,-0.034,9247.5
9683.9,9715.6,9581.8,375491,-0.006,9302
9296.5,9751.9,9285.8,523321,0.042,9624.6
9358.8,9411.2,9288.5,335991,-0.007,9683.7
9314,9394.5,9199.8,383441,0.005,9296.4
9390.3,9424,9249.6,478491,-0.008,9358.8
9464.6,9480.4,9289.3,391671,-0.008,9314
9523.6,9543.6,9258.2,446451,-0.006,9388.1
9425.6,9577.1,9379.3,545471,0.01,9464.6
9345.5,9489.7,8925.6,750901,0.009,9523.5
9470.7,9474.7,9264.4,311271,-0.013,9425.4
9466.5,9484.9,9369.9,364971,0.001,9345.3
9283.7,9547.5,9249.4,529281,0.02,9471.3
9878.9,9945.2,9139.1,919301,-0.06,9466.6
9768.8,9970.9,9710.7,533551,0.011,9283.2
9777.7,9857.2,9616.6,479551,-0.001,9878.8
9743.4,9788.2,9662.3,431041,0.004,9768.8
9669.6,9791.8,9417.4,549201,0.008,9777.9
9630.8,9733.1,9549.5,370851,0.004,9742.6
9794,9846.1,9628.7,527051,-0.017,9669.6
9667.2,9864.4,9490.9,593661,0.013,9631.2
9527,9667.2,9421.7,558121,0.015,9794.4
10190.7,10207.3,9347.3,1061111,-0.065,9667.2
9454.5,10301.8,9429.7,796681,0.078,9527.6
9692.9,9695.6,9406.2,645271,-0.025,10189.3
9424.8,9729.9,9352.7,720621,0.028,9454.8
9573.4,9596.5,9358.1,814331,-0.015,9692.5
9199.8,9610.8,9119.2,948861,0.041,9424.8
8842.3,9210.9,8818.6,810891,0.04,9572.2
8897.7,8994.6,8713.9,784921,-0.006,9199.1
8728,8959.5,8666.1,941891,0.02,8842.5
9177.9,9292,8724.1,1111111,-0.049,8898.2
9169.8,9303.2,9098.9,812561,0.001,8728.2
9058.2,9253.5,8952.1,914591,0.012,9177
9511.6,9567.1,8833.6,1411111,-0.048,9169.7
9773,9829.3,9368.4,1151111,-0.027,9059
9730.8,9883.9,9498.7,1161111,0.004,9512.3
9678.4,9930.2,9524.4,1181111,0.006,9773.3
9376.6,9866,9327.8,1181111,0.032,9730.7
9318.1,9579,9233,1101111,0.007,9677.7
9778.6,9819.6,9223.2,1561111,-0.047,9379.5
9298.7,9887.5,9265.8,1771111,0.052,9318
8813.9,9384.6,8799.1,1501111,0.055,9778.4
8569.8,8964.5,8542.8,1351111,0.027,9298.7
8737.6,9129.6,8235.6,2291111,-0.018,8813.8
9553.9,9569.4,8259.3,2471111,-0.085,8579.8
9806,9910.5,9533.6,1491111,-0.026,8738.8
9980.1,10018.2,9731.4,1421111,-0.017,9554.6
9152.7,10033,9064.8,1911111,0.091,9806.2
9000.6,9373.7,8923.6,1621111,0.017,9979.8
8874.2,9078.7,8800.4,1051111,0.014,9151.4
8885.5,8945.5,8553.2,1121111,-0.001,9001
8966.2,9169.9,8742.2,1151111,-0.009,8874.7
8821.6,8986.2,8771.3,890341,0.016,8885.5
8628.6,9040.3,8621,1111111,0.022,8966.3
8770.6,9437.5,8425.5,2041111,-0.016,8821.6
7746.7,8918.5,7729.7,1831111,0.132,8629
7766,7770.1,7655.3,808091,-0.003,8770.9
7679.4,7768.5,7637.7,980501,0.011,7746.9
7540.4,7679.4,7520.5,921591,0.018,7766
7503.9,7684.6,7451,861931,0.005,7678.9
7491.3,7583.5,7423.5,951951,0.002,7540.4
7112.8,7655.4,7036.5,1341111,0.053,7503.8
6842.5,7137.4,6821.8,914181,0.04,7488.5
6833.4,6919.3,6774.3,892571,0.001,7112.9
7122.9,7207.5,6771.2,1261111,-0.041,6842.5
7230.9,7238,7079.1,5931111,-0.015,6833.5
7035.9,7259.4,7031.5,796451,0.028,7122.9
7085.5,7142.8,7005.8,810101,-0.007,7230.8
6629.1,7159.7,6520.5,1541111,0.069,7035.8
6851.3,6929.5,6615.9,1001111,-0.032,7085.6
6841.8,6970.8,6768.6,999531,0.001,6629.1
6918.1,6920.3,6618.5,1251111,-0.011,6850.9
6867.9,7158.8,6785.1,1101111,0.007,6841.3
6862.7,6931.4,6765.1,845581,0.001,6917.6
7289,7294.4,6756.1,1371111,-0.058,6867.8
7361.1,7361.1,7140.3,963551,-0.01,6863.1
7185.6,7396.1,7153.1,983941,0.025,7289
7332.3,7440.3,7101.7,1321111,-0.02,7361.2
6772.8,7335,6770.1,1531111,0.083,7185.2
6857.5,6889.4,6686,842331,-0.012,7332.3
6735.9,6958.6,6679.1,1051111,0.018,6772.7
6799.9,7026.3,6623.6,1351111,-0.01,6857.4
6638.8,7182.7,6567.9,1741111,0.024,6735.9
6412.4,6661.3,6157.4,1401111,0.035,6800.5
6391.1,6513.1,6346.3,1051111,0.003,6638.5
5890.4,6576.5,5872.5,1431111,0.085,6412.5
6233.2,6258.8,5889.3,916171,-0.055,6391
6373.4,6374.3,6046.5,1261111,-0.022,5890.4
6725.5,6813.7,6322.3,1161111,-0.052,6233.7
6677.9,6772.9,6541.7,1181111,0.007,6373.4
6744.8,6930.2,6474.6,1521111,-0.01,6725.1
6468.8,6814.2,6380.8,1731111,0.043,6678.9
5822,6564.7,5710.8,1881111,0.111,6744.6
6186.9,6394.4,5771.2,1481111,-0.059,6468.9
6205.6,6438.3,5887,1641111,-0.003,5822.1
6171.6,6858.1,5748.2,2221111,0.005,6186.2
5359.2,6379.5,5256,2181111,0.151,6205.3
5260.7,5373.1,5020.9,1801111,0.019,6172
5030.2,5432.8,4946.5,1891111,0.046,5361.4
5366.4,5369.3,4477.7,2551111,-0.063,5261.1
5182.9,5863.3,5120.6,1611111,0.035,5030
5589.4,5634.9,5072.2,1691111,-0.072,5366.3
4815.2,5934.3,3869.5,4171111,0.157,5182.7
7935.2,7963.1,4546.6,3221111,-0.392,5584.3
7892.1,7976.5,7606,1101111,0.006,4826
7933,8145.5,7740.2,1201111,-0.005,7935.1
8035.8,8158.8,7648.7,1541111,-0.013,7891.2
8887.8,8888,8015.3,1111111,-0.096,7933
9134.2,9180.8,8848.7,750651,-0.027,8034.1
9060.6,9165.2,9004.9,1041111,0.008,8887.8
8757.9,9147.3,8751.5,950761,0.035,9134.8
8761.3,8840.3,8679.7,759691,0,9060.3
8906.1,8911.7,8669.3,1011111,-0.016,8757.9
8537.5,8961.8,8503.1,1021111,0.043,8761.4
8543.8,8737.2,8437.2,784051,0,8904.8
8697.1,8793.7,8539.8,683441,-0.018,8540
8820.1,8898.7,8451.9,1081111,-0.014,8543.7
8800.1,8968.3,8538.5,1131111,0.002,8697.5
9317.1,9368.1,8672,1321111,-0.056,8818.6
9662.6,9672.3,9269.8,937971,-0.036,8800.3
9943.2,9981,9507,980001,-0.028,9317.2
9655.6,9965.6,9653.4,775881,0.03,9662.7
9684.5,9706.5,9569.8,589881,-0.003,9942.7
9602.2,9747.1,9574.5,716611,0.009,9655.7
9611.9,9681.4,9448.9,870801,-0.001,9684.5
10158.6,10230.9,9424.3,905951,-0.054,9602.4
9701.5,10230.1,9601.6,945911,0.047,9609.4
9931.7,9951.5,9468.9,961881,-0.023,10158.4
9907.4,10056.4,9654.9,808911,0.003,9701.4
10336,10369.8,9831.7,808811,-0.041,9932.3
10235.5,10372.4,10125.2,732511,0.01,9907.7
10321.9,10482.6,10116.9,940301,-0.008,10333
10229.3,10435.6,10229.3,803251,0.009,10235.1
9854,10314.1,9725.1,791281,0.038,10317.7
10151.5,10181.7,9774.8,781221,-0.029,10229.5
9895.4,10157.1,9882.7,617351,0.026,9854.1
9817.3,9931.2,9673.2,551311,0.008,10151.5
9771.9,9872.5,9738.7,608961,0.005,9895.5
9611.8,9854.9,9536.1,778671,0.017,9818.6
9194.1,9726.8,9179.9,771461,0.045,9772
9296.5,9347.5,9193.9,651681,-0.011,9611.8
9334.6,9582.8,9243.1,701391,-0.004,9193.9
9381.5,9465.4,9183.1,683371,-0.005,9296.6
9349.3,9458.8,9301.5,458421,0.004,9334.9
9508.3,9525,9222.3,633371,-0.017,9381.6
9299.1,9569,9209.2,765211,0.022,9349.1
9377.3,9428.7,9250.9,749881,-0.008,9507.3
8866.6,9389.5,8866.6,954201,0.058,9298.9
8608.1,8983.1,8585.6,706451,0.03,9377.3
8341.6,8607.8,8304.9,468341,0.032,8866.6
8439.9,8447.6,8277.2,444001,-0.012,8607.8
8404.9,8522,8242.6,617021,0.004,8341.6
8678.5,8687.3,8309.6,722671,-0.032,8439.9
8733,8805.4,8610.8,509061,-0.006,8405.1
8642,8770.3,8524,540201,0.011,8678.5
8705.7,8740.1,8539.2,599061,-0.007,8732.6
8916.3,9183.7,8552.8,975011,-0.024,8641.9
8913,8982.3,8814.6,627741,0,8706.2
8726.7,9005.1,8675.9,794111,0.021,8916.3
8818.1,8850,8605.8,748321,-0.01,8913.1
8827.9,8904,8615.5,1171111,-0.001,8726.9
8111.2,8898.7,8111.2,1481111,0.089,8818.3
8188.3,8196.7,8068.4,610661,-0.009,8829.2
8023.3,8189.9,7973.1,595221,0.02,8111.4
8187.8,8262.9,8008.4,776751,-0.02,8187.6
7842.5,8187.4,7697.7,1051111,0.044,8024.1
8060,8065.9,7779.2,786501,-0.027,8187.1
8154.2,8436.4,7900.8,1191111,-0.012,7842.4
7759.1,8182,7754.1,1011111,0.051,8059.6
7372.6,7783.1,7366.7,786751,0.052,8155.7
7376.8,7501,7345.6,628141,-0.001,7759.1
7345.1,7433.1,7291.4,523911,0.005,7372.5
6967.1,7402.9,6884.1,936291,0.054,7376.8
7199.7,7209.6,6901.4,632781,-0.032,7343.1
7196.4,7259.4,7180,420281,0.001,6967
7261.5,7331,7167.4,586601,-0.009,7199.8
7397.5,7420.9,7244.1,606111,-0.018,7196.4
7321.6,7518.9,7303,611691,0.01,7261.8
7261.9,7375.9,7256.5,610961,0.008,7397.5
7210.8,7293.8,7128.5,718071,0.007,7321.5
7225,7414.3,7177.3,795091,-0.002,7261.7
7268.3,7542.4,7150.9,625411,-0.006,7210.9
7322.4,7433.2,7185.7,785541,-0.007,7224.8
7496.2,7684,7276.2,952161,-0.023,7268.3
7156.3,7501.1,7142,677941,0.047,7322.8
7196.4,7197.6,7129.6,468741,-0.006,7495.8
7165.5,7218.4,7107.7,627041,0.004,7156.2
7276.4,7354,7039.3,778721,-0.015,7196.4
6613.5,7387.7,6462.2,1141111,0.1,7165.5
6903.5,6943.5,6575,894551,-0.042,7276
7128.5,7153.1,6864.6,689561,-0.032,6613.3
7080.8,7175.8,7033.8,492581,0.007,6903.5
7255.2,7267.4,7043.3,524561,-0.024,7128.5
7208.4,7288,7200.3,503491,0.007,7080.8
7208,7272.4,7124.6,611801,0,7255.2
7235.8,7284.4,7168.8,518401,-0.004,7208
7356.2,7400.3,7192.1,609501,-0.016,7208
7524.8,7626,7321.6,648661,-0.022,7235.7
7510.8,7576.4,7416.7,499041,0.002,7355.8
7530.4,7595.7,7489.6,557141,-0.003,7524.4
7399.2,7552.1,7329.8,706101,0.018,7510.9
7204.6,7476.3,7184,780781,0.027,7530.8
7291.9,7702.2,7113.6,971751,-0.012,7399.2
7298.1,7389.4,7227.1,548771,-0.001,7204.4
7395.9,7433.8,7173.6,687781,-0.013,7291.8
7546.5,7546.5,7244.4,777001,-0.02,7298.2
7742.7,7787.7,7472.7,650601,-0.025,7396.4
7426.6,7825.3,7412.3,766711,0.043,7546.6
7510.6,7639.5,7380.6,737581,-0.011,7742.7
7162.8,7636.9,6875.4,996491,0.049,7426.7
7115.5,7329.5,7045.1,844271,0.007,7510.6
6924.7,7352.8,6534.8,1291111,0.028,7162.8
7325,7344.1,6894.9,904501,-0.055,7115.6
7271.6,7342.5,7093.7,783181,0.007,6924.7
7627.9,7700.9,6818.5,1411111,-0.047,7324.1
8099.4,8129.6,7519.7,891501,-0.058,7272.5
8145.7,8223,8074.2,607271,-0.006,7627.9
8207.7,8245.6,8032.8,654271,-0.008,8099.3
8510.3,8516.3,8110.4,692601,-0.035,8145.7
8497.4,8631.7,8413,531221,0.002,8208.4
8476.2,8532.8,8450.7,471161,0.003,8509.8
8660.8,8761.8,8437.1,653711,-0.021,8497.3
8782.9,8799.8,8615.8,515431,-0.014,8476.3
8813.2,8829.7,8721.1,454331,-0.003,8661.2
8737.4,8841.2,8615.7,575161,0.009,8783.1
9036.9,9066.4,8649.4,601161,-0.033,8812.6
8804.7,9092.9,8763.5,581571,0.026,8736.9
8778.1,8877.5,8746.9,512021,0.003,9036.8
9223.6,9254.8,8722.4,791791,-0.048,8804.5
9339.2,9367,9130,603541,-0.012,8778.2
9311.2,9424.6,9262.7,578031,0.003,9223.5
9396.1,9452.7,9193.9,653421,-0.009,9338.9
9198.7,9500.4,9134.1,681011,0.022,9310.8
9300.5,9359.1,9095,536561,-0.011,9396.4
9230.3,9356.7,9201.2,570741,0.008,9198.3
9153.1,9270.4,9057.2,689651,0.009,9300.6
9157.9,9378.9,8959.6,798931,-0.001,9230.1
9411.3,9411.3,9018.4,789731,-0.027,9152.6
9206.5,9531.3,9125.3,918481,0.022,9157.9
9530.1,9866.9,9202.5,1041111,-0.034,9411.3
9230.6,9773.2,9081,1161111,0.032,9207.2
8658.4,10540,8061.8,1781111,0.066,9529.6
7422.8,8697.7,7404.9,1181111,0.167,9230.6
7476.8,7501.5,7366.3,586491,-0.007,8658.3
8031,8055,7329.2,892081,-0.069,7422.7
8207.4,8289.1,8017.7,570391,-0.022,7477
8224.1,8315.3,8155.7,489401,-0.002,8031.4
7957.4,8288.5,7889.6,513911,0.033,8208.2
7948.3,8060.2,7892.4,428831,0.001,8223.4
8073.3,8116.4,7842,505791,-0.016,7957.3
8000.4,8118.2,7944.4,444951,0.009,7948.5
8167.1,8185.9,7929.8,538921,-0.02,8073.3
8353.4,8400.2,8139.5,469731,-0.022,8000.4
8281.3,8374.3,8222.2,505021,0.009,8167.2
8304.3,8450.2,8190.6,419871,-0.003,8353.3
8267.6,8394.8,8260.9,424021,0.004,8281.5
8562.2,8751.1,8249.7,667861,-0.034,8304.4
8566.8,8638.5,8438.7,511461,-0.001,8267.8
8180.1,8655.9,8122.7,636431,0.047,8562.3
8198.5,8323.1,8118.1,469041,-0.002,8566.7
7882.6,8293.5,7797,604741,0.04,8182.9
8127.3,8145.5,7834.9,448801,-0.03,8198.6
8148,8185.1,8030.6,360921,-0.003,7881.9
8227.6,8233.6,8041.4,416921,-0.01,8127.3
8363.6,8391.7,8090.1,460971,-0.016,8148.1
8302.7,8374,8167.7,405861,0.007,8226.9
8285,8486.2,8187.9,533951,0.002,8364.1
8048.9,8318.5,7749,600261,0.029,8302.7
8208,8226.8,7922.1,418481,-0.019,8284.3
8184.5,8297.2,8031.1,457791,0.003,8049.1
8063.8,8257.4,7882.1,561401,0.015,8208.5
8432.5,8463.1,7773.6,731031,-0.044,8184.9
8512.3,8729.8,8245.1,696111,-0.01,8063.8
9702.7,9793.8,8069.4,933161,-0.123,8432.4
10031.3,10048.8,9656.3,431101,-0.033,8513.9
9993,10075,9870.9,337061,0.004,9702.2
10172.8,10177.9,9939.8,326171,-0.018,10031.6
10251.5,10279.5,10088.6,362071,-0.008,9993
10164.6,10297.6,9707.6,542251,0.008,10172.7
10195.7,10257.5,10119.3,318821,-0.003,10250.5
10254.6,10273.6,10153.5,321641,-0.006,10164.7
10311.3,10360.5,10108.5,372531,-0.005,10195.7
10337.3,10360.4,10272,255791,-0.003,10255.5
10342.2,10421.4,10253.7,326441,-0.001,10311.5
10415.2,10441.4,10174.1,365521,-0.007,10337.3
10162.4,10447.9,10051,413221,0.025,10342.1
10104.9,10257.5,9908.9,413061,0.006,10415.1
10308.7,10379.8,9970.7,383221,-0.02,10162.5
10402.1,10478,10095.7,473761,-0.009,10105.4
10461.6,10578,10266.3,339731,-0.006,10309
10306.9,10556.4,10302.3,393571,0.015,10402.8
10566.7,10896.2,10227.4,643021,-0.024,10461.1
10567.8,10630.7,10469.9,402091,0,10309.3
10611.6,10783.6,10388.6,504451,-0.004,10566.9
10348.1,10756.8,10283.5,578791,0.026,10568.2
9728.8,10431.5,9720.3,542791,0.064,10612.3
9594.7,9799.5,9533.6,322661,0.014,10348.8
9585.5,9677.5,9457.3,311491,0.001,9729.3
9494.1,9675.7,9370.2,413921,0.01,9594.4
9729.1,9729.1,9343,509131,-0.025,9585.4
10184.7,10271.3,9629.6,580291,-0.045,9491
10372.2,10387.6,10060.2,419811,-0.018,9729.4
10136,10568.2,10136,568771,0.023,10184.8
10132.1,10307,9935.2,422531,0.001,10371.8
10389.4,10415.9,9917.5,463851,-0.025,10136.3
10104.9,10434.3,9921.4,436261,0.028,10131
10141.1,10218.2,9777,520751,-0.004,10388.7
10753.3,10797.8,9908,717651,-0.057,10105
10911.2,10941.6,10581,515471,-0.015,10141.5
10312.8,10923.9,10267.8,519011,0.058,10752.6
10219.3,10494.9,10086.7,441111,0.009,10910.7
10335.5,10460.7,10016.3,497771,-0.011,10312.7
10300.9,10734,9788.6,798671,0.003,10218.1
10053.3,10448.2,9580.1,930051,0.025,10335.6
10894.2,10894.5,9965.5,745591,-0.077,10303.4
11395,11445.6,10793.2,540781,-0.044,10049.4
11505.1,11508.6,11267.3,391081,-0.011,10892.9
11314.6,11728.4,11146.1,435831,0.018,11394.2
12090.5,12185,11281.6,570741,-0.064,11517.2
12190,12225.3,11885,558721,-0.008,11314.5
12015.9,12236.6,11727,592151,0.015,12089.8
11481,12114.5,11406.4,702851,0.046,12191.6
11817.6,12291.9,11237,807581,-0.028,12013.9
10934.8,11922.3,10934.8,769631,0.081,11480.9
10816.1,11017.7,10568.8,585711,0.011,11816.8
10519.9,10893.6,10504.5,508751,0.028,10934.6
10380.5,10664.8,10330.5,578291,0.014,10815.7
10081.9,10459,9890.6,608371,0.03,10520.1
9580.3,10100,9562.4,589841,0.052,10380
9580,9703,9483,511511,0,10082
9728.5,9835.4,9502.5,510901,-0.015,9580.7
9491.1,9798.5,9401.1,518591,0.025,9580.9
9830.4,10232.3,9389.1,661891,-0.035,9727.8
9945.2,10436.1,9724.2,493751,-0.012,9492.1
9804.7,10203.5,9776.6,545851,0.014,9831
9887.2,9945.3,9584,639541,-0.009,9945.3
10412.8,10414.7,9865.4,663381,-0.05,9804.3
10715.1,10806.3,10196.5,591271,-0.028,9888.7
10827,10883.8,10442.5,562171,-0.01,10412.5
10571.9,11155.6,10462,668941,0.024,10714.4
10651.6,10758.4,10160.7,727791,-0.008,10826.7
9723.1,10787.1,9390,974491,0.096,10571.5
9425.1,9983.6,9082.6,1031111,0.032,10651.4
10844,11019.5,9375.3,1051111,-0.131,9723.2
10199.9,11064.7,9885.4,956521,0.063,9424.8
11364.3,11448.7,10128.9,840761,-0.103,10845.9
11762.8,11798.4,10839.4,747711,-0.034,10200.1
11343.7,11881.4,11109.8,738171,0.037,11364.9
12111.6,12111.6,11029,943131,-0.063,11762.1
12542.8,13134.4,11594.9,1111111,-0.034,11342.3
12250.6,12772.9,12111.2,847841,0.024,12110.6
11415.8,12332.3,11304.8,695601,0.073,12541.5
11267.9,11524.6,11108.1,601931,0.013,12252.6
10969.8,11650.2,10967.9,688961,0.027,11415.9
11159.7,11381.8,10810.3,772671,-0.017,11268
11899.3,11948,11087.1,840341,-0.062,10970.2
10835.9,11931.8,10835.9,998731,0.098,11163.1
10615.5,10923.5,9728.5,1121111,0.021,11900.8
10821.4,11254.5,10041.6,1041111,-0.019,10835.9
11906,12179.3,10765.4,880771,-0.091,10616.6
12408,12422.9,11490.8,834621,-0.041,10818.6
11288.4,12461.8,10970.5,1091111,0.099,11906.5
13062.4,13422,10493.5,1591111,-0.136,12409.1
11811.6,13929.8,11747.3,1481111,0.106,11287.8
11046.6,11833.9,11033.7,781091,0.069,13063.8
10897.3,11114.4,10622.6,566961,0.014,11809.9
10721.5,11361.3,10557.8,683791,0.016,11046.4
10178.1,11160.5,10031.3,1091111,0.053,10897.1
9517.7,10184.3,9517.4,769121,0.07,10721.7
9255,9583.9,9188.4,693621,0.028,10179.3
9080.7,9295.1,9044,587571,0.019,9517
9318.9,9336.1,8962.7,723171,-0.026,9255.4
8961,9438.1,8959.8,738801,0.04,9080.6
8812.2,9332,8771.1,849771,0.017,9318.8
8655.8,8856.7,8582.3,608691,0.018,8962.5
8218.6,8685.3,8153.2,643171,0.053,8812.5
8132.4,8306.1,8028.6,574211,0.011,8656.1
7888,8198.1,7805.8,607891,0.031,8219
7987.8,8010.4,7714.5,579001,-0.013,8133.1
7635,8012.8,7523.6,641381,0.046,7888
7901.6,7937.5,7516.9,554481,-0.034,7987.8
7985.3,8044.4,7770.5,485811,-0.011,7635
7785.8,8099.4,7749.4,588871,0.026,7901.4
7779.6,7861.4,7480.4,651821,0.001,7985.2
7685.6,7885,7590.4,762941,0.012,7784.9
8118.1,8118.1,7494,966951,-0.054,7779.1
8728.6,8734.9,8102.7,739451,-0.069,7685.5
8545.8,8807.7,8534.8,614541,0.021,8124.8
8556.9,8615.8,8454,686751,-0.002,8728.6
8271.4,8578.8,8135,858411,0.035,8545.7
8647.8,9045.9,8054.7,1041111,-0.044,8558.3
8715.6,8747.2,8435.3,15431111,-0.008,8271.9
8759.4,8794.1,8568.8,763201,-0.005,8647.8
8628.9,8902.8,8607.3,907961,0.015,8716.3
8029.6,8718.6,7866.5,872121,0.075,8760.1
7971.4,8090.1,7919.1,691271,0.007,8630.2
7852.8,8124.1,7775.4,868471,0.015,8027.4
7637.2,7939.1,7486.8,815141,0.028,7970.1
7928.7,7999,7545.9,821401,-0.037,7852.1
7965,8056.8,7813.2,804881,-0.004,7635.7
8156.4,8156.4,7604,958811,-0.024,7930.3
7261.9,8253.4,7252.3,1081111,0.123,7965.3
7359.9,7458.5,7189.4,865531,-0.013,8157.2
7871.9,7924,6998.6,1431111,-0.065,7262.6
8164.8,8293.3,7720.4,1181111,-0.036,7359.5
7994.8,8225.3,7856.5,1131111,0.021,7871.8
7806.4,8323.9,7674,1331111,0.024,8164.6
6984.7,8058.3,6893.1,1201111,0.118,7994.6
7190,7518.9,6802.6,1351111,-0.029,7806
6386.6,7373.8,6386.5,1311111,0.126,6984.8
6194.3,6466.6,6157.8,907941,0.031,7190.3
5990.5,6206,5990,799961,0.034,6386
5849.4,6011.3,5799.1,757131,0.024,6191.5
5745.5,6019.8,5745.5,955881,0.018,5990.3
5775.1,5801.4,5630.5,755391,-0.005,5849.5
5830.8,5838.2,5708.2,709021,-0.01,5745.1
5768,5899.2,5605,920611,0.011,5774.9
5493.6,5844.2,5478.7,1041111,0.05,5830.9
5384.6,5530.8,5370,722231,0.02,5766.8
5321.1,5396.3,5319.5,623641,0.012,5493.8
5235.4,5336.6,5195.9,697421,0.016,5384.2
5302.4,5322.9,5188.9,775821,-0.013,5320.8
5265.7,5332.5,5234.4,681411,0.007,5235
5298.2,5318.1,5225.4,833131,-0.006,5302.3
5209.2,5469.3,5159.3,1031111,0.017,5265.9
5415.6,5528.2,5137.4,955361,-0.038,5298.3
5511.2,5589.6,5346.8,994041,-0.017,5209.1
5346.5,5594.4,5291.4,900001,0.031,5415.6
5248.2,5370.2,5170.2,920771,0.02,5511.6
5290.2,5308.2,5189.8,811411,-0.009,5346.7
5241,5327,5240.2,782321,0.009,5243.5
5264.8,5282.4,5192.1,787091,-0.005,5290.2
5208.3,5293.1,5205,727971,0.011,5241
5182.1,5230.9,5165.5,806521,0.005,5264.7
5031.4,5198.4,5014.4,631051,0.03,5208.3
5135.1,5168,4964.2,688201,-0.02,5180.9
5052,5153.5,5010.7,566381,0.016,5032.3
5054.2,5093.4,5011.6,577161,-0.001,5134.8
5022.7,5080.5,4889.2,779141,0.006,5051.8
5307.7,5337,4948,943491,-0.054,5054.2
5158.4,5404.1,5142.9,837511,0.029,5022.6
5245,5245.9,5095.2,784621,-0.017,5307.8
5173.5,5300.6,5060.5,928231,0.014,5158.4
5046.1,5219.5,5033.7,841271,0.025,5245.2
5010,5198.4,4947.9,952181,0.007,5173.6
4902.5,5029.4,4888.3,851721,0.022,5046.2
4968.7,5042.5,4789.2,1051111,-0.013,5010.2
4859.3,5278.4,4814,13831111,0.023,4902.4
4145.1,4899.6,4143.5,14771111,0.172,4968.7
4102.3,4159.1,4076.8,3221111,0.01,4859.3
4111.8,4121.9,4082.2,2431111,-0.002,4145.1
4103.7,4138.1,4057.1,2551111,0.002,4102.3
4025.7,4123.1,4022.6,3301111,0.019,4111.8
4041.7,4041.7,4008.4,2111111,-0.004,4102.2
3942.8,4043.3,3936.2,2781111,0.025,4025.6
3937.1,3950.7,3899.9,2531111,0.002,4041.7
3994.8,4000.5,3897.9,2861111,-0.014,3942.8
4002.6,4005.7,3967,2041111,-0.002,3937
3990.4,4018.2,3980.8,2001111,0.003,3994.7
3982.2,4005.7,3971.8,2831111,0.002,4002.5
4041.2,4064,3923.8,3881111,-0.015,3990.4
4017,4050,3985.3,3181111,0.006,3982.2
3990.2,4029.9,3972.4,2991111,0.007,4041.2
3981.5,4032.3,3958.5,2621111,0.002,4017
4006.4,4009.8,3956.3,1871111,-0.006,3990.2
3924.4,4050.6,3923.7,3461111,0.021,3981.5
3879,3935.7,3874.8,3111111,0.012,4006.4
3865.1,3914.7,3828.4,2861111,0.004,3924.3
3885.9,3894.7,3847.4,2281111,-0.005,3879
3870.3,3900.1,3817.1,2901111,0.004,3865.1
3915.2,3935.5,3842.4,3191111,-0.012,3886
3944.4,3944.5,3889.2,1891111,-0.007,3870.3
3865.6,3964,3859.7,2481111,0.02,3915.2
3875.1,3929,3810.7,2961111,-0.002,3944.3
3863.1,3907.4,3847.9,2601111,0.003,3865.9
3857.2,3887.3,3816.7,2521111,0.002,3875.1
3715.9,3873.2,3705.7,3821111,0.038,3863
3809.7,3828.4,3681.8,2851111,-0.025,3857.2
3823.2,3836.6,3789.7,1511111,-0.004,3715.9
3821.9,3843.2,3783.6,1611111,0,3809.5
3816.7,3855.8,3816.4,1741111,0.001,3823.1
3814.6,3883.7,3783.3,2311111,0.001,3821.9
3810.3,3836.4,3701.9,2821111,0.001,3816.6
3833.5,3845.5,3775,2091111,-0.006,3814.6
3755.7,3870.7,3753.8,765871,0.021,3810.3
4120.5,4194.2,3738.7,977781,-0.089,3833.7
3965.2,4152.6,3939.4,727851,0.039,3755.2
3937.4,3983.1,3931.7,649551,0.007,4120.4
3972,4011.5,3909.2,668161,-0.009,3965.2
3914.3,3983.6,3881.2,698011,0.015,3936.6
3896.4,3993.8,3863.7,1441111,0.005,3972.4
3664.2,3903.7,3655.1,933151,0.063,3914.3
3616.8,3689.9,3607.9,580511,0.013,3896
3604.7,3641.9,3599.7,485631,0.003,3664.2
3592.6,3648.3,3581.4,516211,0.003,3616.8
3611.5,3624.5,3580.2,498141,-0.005,3604.7
3632,3663.5,3599.2,558021,-0.006,3592.6
3631.8,3656.4,3594.4,545821,0,3611.5
3678.8,3681.1,3623.8,517281,-0.013,3632
3661,3680.6,3617.1,501901,0.005,3631.8
3661.6,3675.3,3633.2,454801,0,3679
3397.3,3721.1,3382.5,699231,0.078,3661.4
3404.9,3421.8,3390.3,471361,-0.002,3661.7
3468.5,3478,3383.9,514211,-0.019,3397.7
3463,3485.9,3450.3,460951,0.002,3404.3
3459,3479.7,3437.1,503921,0.001,3468.4
3502.3,3507.8,3431.3,451661,-0.012,3462.8
3467.9,3514.5,3447.8,443601,0.01,3459.1
3437.7,3485.7,3415.3,481581,0.009,3502.5
3460,3484.7,3427,477071,-0.007,3467.9
3414.6,3479,3394.2,600251,0.013,3437.2
3442.8,3450.1,3368.2,585461,-0.008,3460
3555.8,3561.2,3395.7,620851,-0.032,3414.8
3570.9,3583.2,3509.2,464021,-0.004,3442.8
3572,3652.5,3556.1,432551,0,3555.6
3574.3,3582.6,3542.2,448891,-0.001,3570.9
3561.4,3587,3539.7,428601,0.004,3572
3580.1,3608.3,3532.8,445871,-0.005,3574.3
3536.9,3607.9,3465.2,447701,0.012,3561.5
3542.7,3561.4,3505.4,394171,-0.002,3580.1
3676.2,3699.1,3503.9,563311,-0.037,3536.7
3605.8,3715.2,3604.1,537061,0.02,3542.3
3626.3,3627.9,3575.7,488161,-0.006,3677.8
3588.1,3636.7,3554.8,525101,0.011,3605.6
3570.6,3644.1,3561.4,487341,0.005,3626.4
3637.5,3660.8,3545.7,544851,-0.018,3588
3490.4,3672,3490.4,539931,0.042,3571.3
3597.3,3617.6,3473.2,452791,-0.03,3638.1
3616.6,3633.9,3561.3,435061,-0.005,3490.2
3603.3,3655.7,3563.1,551641,0.004,3597.2
3978.9,4007.7,3562.1,697311,-0.094,3616.5
3971,4014.2,3957.5,473421,0.002,3603.7
3985.8,4070.5,3943.1,514081,-0.004,3978
4004.3,4028,3945.5,500881,-0.005,3971
3785.7,4034.1,3758.5,529891,0.058,3985.9
3802.8,3846.7,3769,468451,-0.005,4004.1
3780.5,3823.9,3720,488701,0.006,3785.4
3874.1,3875.8,3753,450321,-0.024,3802.7
3809.7,3894.8,3768.1,554471,0.017,3780.1
3709.5,3814.3,3664.4,469111,0.027,3873.8
3815.1,3819.6,3658.8,545831,-0.028,3809.4
3708.2,3837.7,3682.5,519171,0.029,3709.4
3861.6,3899.6,3696,505411,-0.04,3815
3587.1,3900.3,3565.5,565241,0.077,3706.8
3793.4,3822.6,3560.8,543441,-0.055,3861.6
3762.8,3841.9,3680.3,567111,0.008,3586.9
4025.6,4030.7,3676.5,670941,-0.066,3793.7
3944.5,4208.2,3941.9,716291,0.021,3762.5
3964.3,4037.1,3904.6,572211,-0.005,4026.1
3850.9,3977.2,3803.7,554591,0.03,3944.4
4075.2,4153.1,3786.9,748761,-0.055,3964.4
3687.2,4140.3,3665.8,958581,0.106,3850.9
3668.1,3924.7,3647.5,792401,0.005,4076
3526,3683.1,3456.9,698531,0.04,3687.1
3248.3,3597.4,3243.1,534781,0.086,3668
3228.6,3305,3225.9,335691,0.006,3526.1
3247.8,3282.3,3177,332951,-0.006,3247.9
3315.4,3336.6,3199.1,445561,-0.02,3228.7
3466.2,3474.4,3284.8,435891,-0.044,3247.8
3390.2,3510.2,3379.4,391171,0.017,3315.3
3460.4,3485.9,3349.9,418531,-0.015,3466.1
3566.9,3622.4,3412.7,394491,-0.03,3407.7
3430.3,3677.6,3424.2,327931,0.04,3460.5
3422.3,3507.7,3302.9,424401,0.002,3567.5
3508.9,3626.6,3251.8,639331,-0.025,3430.4
3771.4,3887.2,3505.7,467541,-0.07,3422.2
3958.1,3974.1,3765.2,341601,-0.047,3508.6
3899.9,4082.9,3809.3,326711,0.016,3771.6
4160.3,4177,3839.9,355101,-0.063,3958.5
4196.2,4316.1,4105.3,298631,-0.009,3897.8
4038.7,4299.1,3967.1,316301,0.039,4160.4
4296.8,4340.6,3954.5,444521,-0.06,4196.2
4265.5,4440.1,4140.6,414461,0.007,4039.7
3866.4,4391.8,3866.4,533041,0.103,4296.5
3840.3,3920.6,3687.8,457271,0.008,4265.4
4061,4179,3679.8,571041,-0.055,3866.5
3920.3,4198.4,3634.2,619951,0.036,3837
4397.3,4494.6,3821.5,382721,-0.109,4062.2
4360.9,4455.6,4223.7,348991,0.01,3920.4
4646.4,4695.7,4346.7,261851,-0.061,4398
4523,4743.7,4393,412741,0.025,4356
4883.6,5013.4,4272.3,714081,-0.074,4638.7
5660.4,5662.5,4831.1,478261,-0.137,4524.6
5621,5727.9,5615.5,158681,0.007,4883.8
5636.2,5645.5,5561.4,156511,-0.003,5658.3
5723.5,5747.7,5539.7,224121,-0.015,5621.8
5854,5878.5,5384.1,375861,-0.021,5636.2
6428.9,6453.3,5619.2,438211,-0.091,5718.9
6435,6466.8,6386.7,137601,-0.001,5842.4
6445,6475.9,6409.4,130161,-0.002,6429.2
6427.1,6451.7,6359,127401,0.003,6435
6411.9,6461.7,6411.7,115871,0.002,6446.1
6473.8,6496.1,6390,151601,-0.01,6427.1
6565.3,6577.3,6466.3,159301,-0.014,6412
6503.1,6594.3,6502,170761,0.01,6474
6460.4,6509.6,6441.6,154871,0.007,6565.3
6478.2,6489.2,6431.7,128511,-0.003,6502.8
6386.2,6508.9,6359.7,128761,0.014,6459.7
6424.5,6429.5,6346.2,112841,-0.006,6478.2
6400.5,6444.3,6390.9,135871,0.004,6386.2
6365.9,6421.8,6354.2,124161,0.005,6424.7
6327.9,6405.7,6257.8,129061,0.006,6400.5
6336.7,6469.9,6316.5,128211,-0.002,6365.9
6486.1,6498.4,6310.5,160521,-0.023,6325.7
6494.6,6502.2,6461.2,93971,-0.001,6335
6510,6534,6473.7,76721,-0.002,6486.1
6507,6570.5,6498.5,97171,0.001,6494.2
6532.5,6544.8,6491.5,97431,-0.004,6510
6531.2,6593.8,6522.6,98741,0,6507
6558.6,6573.6,6500.5,108861,-0.004,6530.7
6583,6612.7,6529.5,101571,-0.004,6528.7
6575.9,6643.1,6568,92941,0.002,6555.8
6511.7,6593.7,6495.9,97771,0.009,6583
6576.4,6603.2,6506.9,121441,-0.009,6572.2
6690.1,6736.3,6530.6,134151,-0.017,6512
6718.9,6745.9,6637.8,136711,-0.003,6574.1
6712.4,6836.7,6645.4,155851,0.001,6686.6
6326.8,7358.4,6300.2,443331,0.059,6705.3
6321.6,6390.9,6300,99381,0.001,6699.8
6291.3,6329.3,6282.8,94451,0.005,6326.8
6239.2,6344.8,6206.8,147401,0.008,6321.7
6618,6622.5,6206.2,245281,-0.057,6291.3
6650.6,6653.5,6526,101931,-0.005,6239.1
6669.6,6678.9,6613.3,80791,-0.003,6618
6611,6699.5,6589.9,119681,0.009,6650.8
6596.3,6633.9,6523.8,77061,0.002,6669.6
6639.1,6661.5,6550.4,9181111,-0.007,6611
6584.2,6682.3,6537.6,9341111,0.008,6596.3
6509.2,6653,6487.8,9311111,0.012,6639.1
6549.9,6563.5,6429.6,9211111,-0.006,6584.2
6608.2,6645.7,6034.9,9341111,-0.009,6507.8
6635.2,6674.7,6072.7,9191111,-0.004,6549.9
6603.9,6673.9,6533.5,9341111,0.005,6608.2
6633.9,6648.4,6464.4,9421111,-0.005,6635.2
6685.7,6809.2,6538.6,9571111,-0.008,6603.9
6463.7,6738.3,6428.8,9341111,0.034,6636
6443,6551.9,6384.1,8641111,0.004,6689.2
6590.6,6590.6,5977,7341111,-0.021,6468.1
6713.3,6728.1,6559.1,7571111,-0.018,6445.1
6729.6,6789.4,6666.4,7341111,-0.004,6584.1
6766.7,6833.3,6635.5,7311111,-0.006,6704.1
6490.9,6780.5,6489.8,7731111,0.043,6729.6
6390.4,6537.5,6346.4,5181111,0.016,6766.7
6342,6478.7,6144.5,3541111,0.008,6489.2
6251.9,6388.8,6228.8,2821111,0.014,6390.4
6500.2,6533.5,6215.9,3261111,-0.038,6342
6519,6520.8,6406.2,3341111,-0.003,6251.9
6482.6,6562.9,6470.3,3161111,0.005,6500.2
6482.9,6579.4,6412.1,3201111,0,6519
6338,6867.3,6337.8,3531111,0.023,6483.7
6293.9,6353.5,6204.5,3041111,0.007,6482.9
6320.7,6391.8,6189.6,3301111,-0.004,6338
6238.5,6358.5,6237.3,3111111,0.013,6293.9
6184.3,6432.6,6148.8,2841111,0.009,6321
6390.9,6484.3,6132.3,3461111,-0.032,6238.5
6514.1,6540.6,6316.2,3301111,-0.019,6184.3
6706.8,6732.9,6337.8,4021111,-0.029,6390.9
7377.5,7407.5,6691.8,4551111,-0.091,6514
7264.2,7409.9,7234.5,3921111,0.016,6706.8
7289.8,7330.7,7182.8,3871111,-0.004,7377.5
7189.6,7334.8,7117.3,3901111,0.015,7264.2
7032.4,7264.3,7020.4,3521111,0.022,7293.9
6993.7,7080.2,6698,4211111,0.006,7189.6
7029.2,7050.2,6798,3741111,-0.005,7033.8
7074.6,7121.4,6926.7,4111111,-0.006,6993.7
6897.6,7129.7,6861.2,3791111,0.026,7029.1
6712.7,6902.9,6650.4,3261111,0.028,7074.6
6734.9,6892.7,6573.1,3371111,-0.003,6897.6
6680.6,6783.4,6655.3,3591111,0.008,6712.7
6521.2,6721.2,6472.8,3701111,0.024,6734.8
6359.9,6550.2,6359.2,2761111,0.025,6680.4
6482.2,6840.8,6304.8,3631111,-0.019,6521.2
6268.1,6484.1,6257.4,1461111,0.034,6359.6
6474.2,6516.4,6255.9,3101111,-0.033,6482.2
6379.1,6534.8,6316,2711111,0.016,6268.1
6581.8,6626.4,6295.5,3151111,-0.031,6481.5
6306.7,6581.7,6291.8,3201111,0.044,6379.1
6256.9,6470.9,6249.8,3501111,0.008,6581.7
6190.2,6592.8,6177.9,3741111,0.011,6306.7
6255.3,6255.3,5898.3,3661111,-0.01,6256.9
6313,6524.1,6159.6,234091,-0.009,6190.2
6232.1,6453,6169.8,216331,0.013,6255.3
6152.8,6469.6,6009.8,247341,0.013,6313
6539.5,6570.2,6043.4,298821,-0.059,6231.6
6283.7,6620.2,6197,237661,0.041,6152.3
6725.2,6725.2,6138.8,311541,-0.066,6538.8
6943.6,7149.7,6689.9,232481,-0.032,6283.6
7027.8,7143.6,6852.5,168871,-0.012,6724.9
7014,7087.6,6887.9,177641,0.002,6943.6
7418.9,7484.2,6949.7,222571,-0.055,7027.1
7535.6,7535.6,7293.5,226461,-0.016,7014.3
7606.4,7701.4,7470.6,216341,-0.009,7419
7728.5,7753.2,7449.2,237691,-0.016,7535.6
8176.4,8176.5,7649.8,266941,-0.055,7606.4
8214.7,8262,7874.4,242211,-0.005,7729.4
8231.5,8275.4,8113.3,155241,-0.002,8177.1
8186.8,8234.1,8077.4,147141,0.006,8215.6
7936.9,8273.8,7808.3,243221,0.032,8234.1
8173.9,8304.3,7861,235451,-0.029,8187.4
8404.9,8484.6,8062.1,269231,-0.028,7937
7723.1,8479.8,7701.9,345321,0.089,8173.7
7412.4,7809.6,7379.2,272151,0.042,8407
7409,7575.3,7343.7,204161,0.001,7723
7339.3,7460.8,7223.5,160771,0.01,7412.3
7477.6,7683.6,7292,258851,-0.019,7408.7
7383.9,7558.4,7288.8,247251,0.013,7339.4
7321.6,7581.2,7249.3,333321,0.008,7477.5
6729.8,7453.2,6666,337751,0.088,7383.6
6362.8,6749.2,6344.1,312121,0.058,7322
6254.8,6399.6,6238.5,180671,0.017,6729.9
6229.5,6313.5,6192.5,243711,0.004,6362.9
6250.8,6333.8,6144.5,233221,-0.003,6254.8
6389.1,6389.4,6088.8,289241,-0.022,6230.2
6307.2,6409.7,6296.6,243821,0.013,6250.6
6668.4,6686.8,6291.5,315271,-0.054,6389.1
6715.1,6793.8,6637.7,289481,-0.007,6307.2
6765.4,6784,6694.3,267601,-0.008,6667.1
6617.7,6805.9,6531.1,114571,0.022,6714.8
6546.5,6638.2,6458.3,132691,0.011,6765.5
6598,6693.6,6466.1,166181,-0.008,6617.7
6513.8,6774.5,6442.3,143041,0.013,6546.5
6618.6,6676.6,6513.5,150191,-0.016,6598.4
6349.1,6680,6275,179921,0.04,6513.5
6398.5,6445.1,6284.7,128511,-0.005,6619.5
6213.4,6498.5,6204,189331,0.03,6366.8
5883.2,6284.9,5818.5,206961,0.056,6398.9
6154.9,6178.4,5854,156051,-0.044,6213.3
6081.1,6187.3,6025.4,133421,0.012,5883.5
6256.9,6267.7,6060,176661,-0.028,6154.9
6155.1,6331.2,6101.7,210691,0.017,6082.1
6167.9,6248.3,5785.3,240601,-0.002,6256.6
6055.2,6259,6032.8,142901,0.018,6154.6
6728.2,6739.7,5955,278221,-0.1,6167.3
6765.8,6797.5,6695.1,99291,-0.006,6055.7
6752.3,6812.7,6575.1,121481,0.002,6728
6719.8,6839.5,6681.5,120541,0.005,6765.4
6460.5,6794.5,6410.9,135701,0.04,6752.4
6505.8,6593,6452.1,90671,-0.007,6719.8
6410,6564.2,6358,108791,0.015,6460.3
6647.3,6655.8,6395.7,143531,-0.036,6505.8
6312.3,6711.5,6283.6,201541,0.053,6410.3
6558.5,6624.6,6129.1,237481,-0.038,6647.1
6885.9,6887.2,6476,178261,-0.048,6312.3
6775.2,6910.8,6657.2,174881,0.016,6558.2
7515.8,7516.3,6668.1,275691,-0.099,6885.9
7622.1,7689,7493.3,97561,-0.014,6775.1
7697.9,7710.5,7556.9,112881,-0.01,7515.8
7661,7754.7,7657.7,124001,0.005,7622.1
7631.5,7699.1,7504.4,130661,0.004,7697.8
7507.4,7672.6,7391,145231,0.017,7661
7729.3,7759.9,7468.4,141011,-0.029,7631.5
7646.6,7775,7611.3,116681,0.011,7504.3
7530.8,7694.5,7467.9,121181,0.015,7729.3
7502.5,7610.4,7375.8,135921,0.004,7646.6
7400.8,7611.9,7355,144521,0.014,7530.8
7469.2,7565.2,7306.8,140371,-0.009,7502.6
7119.3,7533,7069.8,186971,0.049,7400.1
7367.3,7446.9,7090.6,152291,-0.034,7467.7
7361.9,7411.8,7267.5,103291,0.001,7119.3
7478.5,7619.3,7331.5,103071,-0.016,7366.7
7593.9,7653.4,7355.6,161821,-0.015,7361.3
7512.3,7736.6,7293.4,211111,0.011,7477.7
8005.7,8047.4,7467.6,237601,-0.062,7592.9
8403.8,8414.5,7979.3,137511,-0.047,7512.3
8529.5,8550.6,8375.5,115521,-0.015,8006
8243.9,8580.4,8184.7,113761,0.034,8403.3
8244.7,8389.1,8153.2,107891,0,8529
8064.4,8273.6,7939.8,150321,0.023,8245.1
8344.6,8458.7,8022.3,154361,-0.034,8245.7
8477,8496.4,8120.1,188031,-0.016,8063
8674,8842.1,8436.5,179621,-0.023,8344.4
8693.4,8878.3,8305.1,212051,-0.002,8477
8489.1,8758.4,8330,149801,0.028,8674.1
8409.6,8646.1,8184.1,210871,0.006,8693.5
9026,9028.7,8359.6,270621,-0.068,8459.5
9319.2,9393.3,9013.4,152711,-0.032,8408.3
9194.9,9377.9,8988,147891,0.013,9025.7
9373.9,9404.4,9079.8,157451,-0.025,9319.1
9651.1,9675.6,9204.2,165081,-0.023,9196.4
9859.6,9957.7,9446.7,150951,-0.02,9431.6
9709.5,9992.8,9691.3,158451,0.015,9656.4
9747.6,9800.9,9549,161551,-0.004,9853.5
9244.2,9809.4,9171.4,201181,0.055,9708.6
9076.8,9265.7,8991.9,137481,0.019,9749.7
9245.1,9245.1,8851,173351,-0.018,9243.2
9415.8,9456.7,9135.4,156831,-0.018,9074.9
9352.2,9565.1,9182.8,184721,0.007,9245.1
8940.8,9428.9,8895.5,199781,0.046,9415.1
9282.8,9386.3,8920.2,184911,-0.037,9352.4
8874.5,9303.6,8669.8,248391,0.047,8940.9
9645,9753.1,8768.1,395671,-0.08,9287
8952.7,9734.8,8937,260791,0.077,8873.1
8809.3,9001,8785.3,147541,0.017,9645.3
8923.6,9022.3,8766.5,161891,-0.013,8952.8
8867,9027.7,8614.5,206011,0.006,8806.7
8292.3,8926.2,8224.5,225961,0.07,8923.1
8179,8303.7,8126.7,155081,0.014,8867
7908.5,8227.6,7895.3,163261,0.034,8290.8
8070,8171.7,7852.8,162591,-0.02,8178.4
8362.2,8412.9,7908.5,197701,-0.035,7908.6
8004.6,8411.5,8004.6,160261,0.045,8070
7891.1,8180.2,7839.3,164711,0.015,8363.6
7926.9,8228,7756.6,296951,-0.005,8004.4
6963.3,8009.6,6779.3,398301,0.139,7887.4
6855.6,6988.6,6818.4,142071,0.016,7926.6
6782.6,6899.5,6671.6,134231,0.011,6962.1
7035.7,7192.5,6633.2,241191,-0.035,6854.8
6905.9,7113.4,6903.9,132511,0.018,6781.9
6624.5,7071.9,6616.1,177101,0.043,7030.5
6783.7,6859.7,6523.4,174901,-0.023,6905.7
6808.7,6918.2,6592.5,221701,-0.004,6624.3
7423.8,7432.9,6726.9,239511,-0.083,6782
7067.2,7519.3,7032.9,230801,0.05,6808.9
6825.4,7121.3,6787.6,199311,0.036,7424.2
6939.1,7047.7,6460.1,257531,-0.016,7068.4
6856.5,7221.5,6804.9,245301,0.012,6825.2
7132.4,7288.1,6603.8,417311,-0.039,6938.2
7955.2,7980.7,6954.9,348751,-0.104,6853.7
7803,8110.4,7754.5,167361,0.02,7129.2
8146.5,8218.3,7760.6,223101,-0.042,7954.9
8474,8515.7,7865.9,247181,-0.039,7801.7
8549.1,8679,8392.2,149521,-0.009,8143.5
8917.3,9008.8,8523.6,177431,-0.041,8473.2
8725.3,8917,8305.6,210111,0.022,8547.4
8903.7,9096.2,8499.1,223011,-0.02,8916.8
8912.4,9173.4,8775.1,218191,-0.001,8726.2
8614.1,9039.6,8326.8,253441,0.034,8905.9
8200.9,8698.3,8127.7,316961,0.051,8912.6
7873.2,8283.6,7323.3,348021,0.041,8616.8
8198,8344.8,7760.2,208051,-0.05,8201.2
8264.3,8604.8,7929.1,236131,0.003,7874.9
8210.2,8427,7691.7,326531,0.007,8289.2
9154.9,9353.4,7958.5,305451,-0.103,8264.4
9138.7,9482,8875.1,239461,0.002,8210.6
9535.8,9892.2,8804.1,257911,-0.041,9154.9
8732.2,9719.6,8516.4,266591,0.088,9137.4
9216.2,9500,8691.1,198731,-0.049,9529.6
9301.9,9420.5,8351,371461,-0.009,8762
9910.7,10109,9037,256261,-0.061,9217
10779,10899,9422.1,284541,-0.072,9300
11314.2,11316.4,10412,230651,-0.058,9902.9
11415.7,11506.9,11281.2,162111,-0.008,10675.1
11402.8,11490.3,10878.4,156401,0.001,11330.6
10822.5,11420.7,9585.5,172201,0.053,11416.5
10904.5,11167,10677.1,201691,-0.007,11402.3
10335.1,11047.8,10248.7,188771,0.055,10827.7
10584.4,11070.7,10303.4,215221,-0.025,10904.5
10287.8,10867.2,10120.5,202581,0.03,10333.9
9590.9,10378.4,9410.3,235941,0.073,10594.4
9703.1,9860.3,9330.1,196491,-0.012,10285.1
10163.8,10506.1,9394.5,239161,-0.046,9585.2
9840.6,10419.1,9597.8,271501,0.033,9704.3
10470.1,10930.2,9743.9,316631,-0.06,10170.4
11240.9,11289.7,10252.2,327141,-0.068,9841.7
11169.7,11791.5,11119.9,267561,0.006,10473
10396.6,11250.5,10324.8,215201,0.074,11238.7
11073.7,11271.6,10137.2,288911,-0.061,11169.4
10177.3,11095.9,10070.9,224761,0.088,10398.8
10031.3,10294.3,9707.7,206441,0.014,11073.5
9475.6,10206.8,9348.5,291281,0.059,10178.7
8542.6,9500,8541.6,246881,0.11,10037.3
8906.2,8942.7,8378,195871,-0.041,9476.3
8083.6,8984.9,8083.6,238671,0.102,8539.2
8559.7,8564.2,7843.7,236201,-0.056,8903.5
8697.3,9066.6,8172.2,263531,-0.016,8081.9
8163.6,8735.6,7784.6,233941,0.066,8559.6
7595.1,8489.9,7595.1,296101,0.075,8699.8
7693.8,8536.5,7196.6,445621,-0.014,8164.2
6939.3,7896.2,5996.6,886881,0.11,7594.7
8220.8,8383.2,6651.9,593891,-0.156,7701.2
9241.5,9382.1,7932.1,280941,-0.11,6938.5
8894.4,9506.9,8249.3,248711,0.039,8222.2
9179.8,9201.4,7915.8,519401,-0.031,9241.1
10266.2,10303,8789.2,358401,-0.106,8893.2
10166.3,10397.7,9742.2,208471,0.01,9181.1
11244.5,11277.2,9917.7,264721,-0.096,10265.4
11794.9,11888.1,11119,137421,-0.047,10166
11471.2,12112.7,11433.3,154631,0.029,11244.8
11118,11621.7,10908.4,163491,0.031,11795.1
11203.1,11655.3,10389.4,253911,-0.008,11467.5
11439.9,11740.9,10983.8,181811,-0.022,11118.1
10899.4,11549.5,10584.5,136061,0.05,11203
10869,11438,10056.6,188371,0.004,11452.3
11597.5,11970.9,10136.8,201731,-0.063,10903.2
12857.1,12860.2,11164.5,206961,-0.098,10864.8
11579.2,13082.2,11567.3,143901,0.11,11594.9
11229.6,11973.2,10901.5,170741,0.03,12858.9
11202,12004.7,10660.2,242451,0.005,11580.2
11357.7,11769.6,9271.3,361801,-0.015,11245.4
13704.4,13711,10050.7,317101,-0.171,11192.3
13695.5,14396.6,13475.4,73271,0,11362
14291.9,14446.1,13094.7,85121,-0.042,13697.5
13896,14640.7,13888.2,61141,0.029,13695.2
13529.2,14176.4,13410,82371,0.026,14292.2
15046.7,15109.1,13048.3,167811,-0.1,13886.7
14778.5,15045.4,13613.1,87071,0.018,13535.4
14976.2,15324.6,14613.4,71401,-0.013,15043
16228.3,16302.9,13902.3,142451,-0.077,14778.5
17174.5,17184.8,15791.1,79011,-0.055,14976.2
16954.8,17252.8,16286.6,83931,0.013,16228.2
15180.1,17126.9,14832.4,141961,0.117,17172.3
15156.5,15408.7,14244.7,110971,0.002,16954.8
14754.1,15435,14579.7,106541,0.027,15180.1
13444.9,15306.1,12934.2,137731,0.097,15156.6
13850.5,13921.5,12877.7,78431,-0.029,14754.1
12532.4,14241.8,12359.4,111271,0.105,13444.9
14392.1,14461.5,11962.1,182071,-0.129,13850.4
14398.5,15109.8,13951.1,118881,0,12531.5
15416.3,15505.5,13466.1,170371,-0.066,14392.6
15757,16514.6,14534.7,138711,-0.022,14398.7
13830.2,16094.7,13748.5,143141,0.139,15416.6
13790,14467.4,13010.7,107481,0.003,15756.6
14396.6,14413.7,12166.5,182421,-0.042,13833.5
13665,15493.2,13356.1,170171,0.054,13790
15632.1,15823.7,10875.7,466981,-0.126,14396.5
16461.1,17301.8,14953,163741,-0.05,13665
17521.7,17813.6,15642.7,227681,-0.061,15632.1
18971.2,19022,16812.8,174541,-0.076,16462
19065.7,19221.1,18114.4,139251,-0.005,17523.7
19346.6,19870.6,18750.9,117411,-0.015,18972.3
17594.1,19587.7,17318.5,112171,0.099,19065.7
16467.9,17987,16442.2,153651,0.069,19345.5
16286.8,16941.1,16023.6,107921,0.011,17604.8
17083.9,17268,15669.9,155411,-0.047,16467.9
16733.3,17560.7,16254.5,132851,0.021,16286.8
15060.5,17399.2,15024.6,159731,0.111,17083.9
14840,15783.2,13031,201621,0.015,16732.5
16048.2,16313.2,13151.5,181981,-0.075,15059.6
16868,17294.8,13906.1,286761,-0.048,14843.4
13750.1,16879.3,13401.6,297111,0.226,16047.6
11667.1,13843.2,11661.8,191581,0.179,16850.3
11624.4,11901.9,11486.1,89691,0.004,13749.6
11244.2,11624.6,10917.8,93171,0.034,11667.1
10912.7,11851.1,10578.4,122131,0.031,11623.9
10861.5,11175.2,10715.5,86831,0.005,11246.2
9947.1,10942.8,9420.9,131921,0.092,10912.7
9848,10689.1,9023.8,187011,0.011,10861.5
9906,11417.8,8938.7,233331,-0.007,9946.8
9732.6,9969.6,9638.2,87761,0.018,9837.9
9318.4,9733.6,9316.8,106901,0.045,9906
8754.6,9474.6,8746.6,85891,0.064,9733.2
8203.5,8762,8153.7,84671,0.068,9318.4
8013.4,8332.9,7900.2,73001,0.023,8754.7
8234.5,8266.5,8012.4,68011,-0.027,8200.8
8099.9,8304.4,8091.6,65811,0.017,8013.4
8245.9,8368.4,7819.1,115451,-0.018,8234.5
8042.6,8294.1,7947.3,75701,0.025,8100
7781,8100.9,7675.4,68621,0.034,8244.7
7700,7857.5,7458.9,74381,0.011,8042.6
7853.7,8000.2,7534.7,117351,-0.02,7780.9
7283,7964.6,7119.2,133941,0.078,7700
6597.1,7330.1,6596.9,131121,0.104,7853.7
6522.5,6728.6,6419.2,96501,0.011,7283.2
5878.1,6760.1,5828.3,178341,0.11,6597.1
6339.9,6490.5,5493.6,269831,-0.073,6522.5
6565.8,6821.5,6197.9,135721,-0.034,5878.1
7129.6,7319,6406,222001,-0.079,6339.9
7444.4,7457.1,7040.8,126771,-0.042,6565.8
7102.2,7869.1,7027,220221,0.048,7129.6
6959.3,7222.4,6957.8,101051,0.021,7444.4
7389.5,7429.7,6934.7,159691,-0.058,7102.8
7363.8,7599.4,7284.3,105731,0.004,6959.2
7147,7492.2,6957.8,106601,0.03,7389.5
7024.8,7445.6,6938.9,154891,0.018,7363.8
6737.8,7339.9,6737.8,238801,0.043,7152.1
6449.1,6738.7,6355,133191,0.044,7024.8
6124.3,6467.2,6090.8,101251,0.053,6737.8
6147.7,6226.2,6019,78621,-0.004,6451.2
5726.6,6295.4,5679.4,163061,0.074,6124.3
5764.6,5871,5654.8,53231,-0.007,6147.5
5887.6,5997.8,5692.3,83931,-0.021,5726.6
5734,5970.4,5689.9,93681,0.027,5764.6
5513.1,5748,5375.6,105841,0.04,5887.6
5903.6,5904.6,5463.4,143741,-0.066,5734
5982.9,6049,5644.2,137141,-0.013,5513.1
6006.6,6070.6,5723,105031,-0.004,5903.6
5993.1,6187.2,5874.5,112941,0.002,5982.9
5698.6,6075.3,5611.4,123861,0.052,6006.6
5576.7,5737.4,5517.6,83061,0.022,5993.1
5598.6,5601.3,5114.9,122021,-0.004,5698.6
5759.3,5773.3,5521.1,65641,-0.028,5575.8
5677.4,5795.3,5576.1,61361,0.013,5598.6
5824.7,5862.7,5448.2,101641,-0.023,5759.3
5637.3,5839.6,5568.9,76221,0.033,5688.1
5432.6,5852.8,5392,215021,0.038,5824.7
4824.2,5432.6,4815,163921,0.126,5637.3
4763.4,4874.9,4718.6,70481,0.013,5432.6
4777.5,4930,4722.8,98491,-0.003,4824.2
4611.7,4875.4,4556.1,110191,0.036,4763.4
4435.8,4622.9,4419.4,71371,0.04,4777.5
4371.9,4472.9,4319.5,40201,0.015,4611.7
4321.4,4422.1,4296.9,61691,0.012,4435.8
4218.7,4365.8,4143.4,63611,0.024,4371.9
4314.2,4355.3,4183.6,64081,-0.022,4321.4
4401.3,4436,4230.7,81871,-0.02,4218.7
4403.1,4477.4,4364.7,71201,0,4314.2
4360.6,4412.6,4258.3,60581,0.01,4401.3
4172.8,4383.3,4164.3,67491,0.045,4403.1
4195.6,4237.5,4030.4,97801,-0.005,4360.6
4212.2,4274.6,4112.9,92231,-0.004,4172.8
3892.7,4232.4,3882.1,117601,0.082,4195.6
3932.8,3982.3,3858.8,63251,-0.01,4212.2
3667.5,3971.5,3665.7,100201,0.072,3892.7
3788,3790.9,3633.9,49661,-0.032,3932.8
3600.8,3813.4,3563.2,67821,0.052,3667.5
3617.3,3753.5,3505.8,114721,-0.005,3788
3882.2,3912.8,3576.5,145131,-0.068,3600.8
3908,4053,3846.8,86651,-0.007,3617.3
4100.3,4120.7,3852.2,123221,-0.047,3882.2
3689.6,4122.8,3689,147931,0.111,3908
3698.9,3796.6,3485.8,96071,-0.003,4100.3
3713.8,3893.7,3551.8,169361,-0.004,3689.6
3243.1,3824.4,2979.9,448551,0.145,3698.9
3870.3,3930.7,3219,317591,-0.162,3713.8
4158.9,4174.6,3752,186541,-0.069,3243.1
4217.9,4387.8,4075,107041,-0.014,3870.3
4245.9,4364.4,4134.6,88761,-0.007,4158.9
4335.1,4338.1,4032.1,108081,-0.021,4217.9
4326.5,4402.1,4185.3,77091,0.002,4245.9
4635.6,4699.6,4130.9,180361,-0.067,4335.1
4618.7,4690.5,4493.2,70531,0.004,4326.5
4409.1,4660,4401.5,110931,0.048,4635.6
4267.5,4496.7,4004.6,158411,0.033,4618.7
4612.9,4621,4098.6,170401,-0.075,4409.1
4573.8,4719.8,4397.7,102821,0.009,4267.5
4921.9,4976.5,4448.6,160771,-0.071,4612.9
4735.1,4925.2,4690.2,102011,0.039,4573.8
4583,4765.1,4580.1,72291,0.033,4921.9
4597.3,4644.1,4491.8,68471,-0.003,4735.1
4390.3,4647.8,4350.2,100801,0.047,4583
4345.8,4403.1,4195.2,75491,0.01,4597.3
4352.3,4408.2,4321.1,42521,-0.002,4390.3
4364.4,4379.3,4263.3,46161,-0.003,4345.8
4318.4,4461.7,4292.6,82901,0.011,4352.3
4141.1,4364.1,4111.7,72361,0.043,4364.4
4089.7,4255.6,4070.5,96651,0.013,4318.4
4005.1,4142.7,3612.2,169141,0.021,4141.1
4066.6,4097.3,3966.9,90651,-0.015,4089.7
4150.5,4182.3,4034.4,70161,-0.02,4005.1
4105.4,4189.7,3957.5,113721,0.011,4066.6
4278.9,4362.7,3978.3,144401,-0.041,4150.5
4387.4,4487.5,4194.1,127481,-0.025,4105.4
4161.7,4398.1,3938.6,112901,0.054,4278.9
4327.9,4436.5,3837.1,211581,-0.038,4387.4
4062.6,4336.7,3978.9,128461,0.065,4161.7
3871.6,4189.4,3847.3,158591,0.049,4327.9
3654.4,3967.3,3611.4,123591,0.059,4062.6
3425.7,3706.5,3409.8,97561,0.067,3871.6
3348.8,3453.8,3322.9,71001,0.023,3654.4
3429.4,3437.1,3251,97061,-0.024,3425.7
3401.9,3494.9,3357.1,106941,0.008,3348.8
3232,3425.1,3198.5,88111,0.053,3429.4
3262.8,3295.1,3166.5,60661,-0.009,3401.9
2878.5,3344,2875.9,159401,0.134,3232
2810,2892.7,2779.5,68761,0.024,3262.8
2720.5,2822.9,2717.6,68101,0.033,2878.5
2747,2773.8,2668.9,81821,-0.01,2810
2883.3,2946,2659.6,123171,-0.047,2720.5
2766.5,2916.3,2723.1,91121,0.042,2747
2733.5,2773.1,2621.7,82721,0.012,2883.3
2806.8,2812.1,2699.4,84491,-0.026,2766.5
2691.9,2843.8,2683.6,138911,0.043,2733.5
2559.2,2712.9,2547.7,103831,0.052,2806.8
2582.6,2631.7,2441.5,135501,-0.009,2691.9
2763.4,2779.1,2472.6,205881,-0.065,2559.2
2756.6,2798.9,2715.7,83011,0.003,2582.6
2836.5,2856.7,2675.6,108231,-0.028,2763.4
2675.1,2876.7,2658.6,121921,0.06,2756.6
2866,2874,2622.5,193761,-0.067,2836.5
2282.6,2932.8,2282.1,310341,0.256,2675.1
2320.2,2412.4,2243.1,154321,-0.016,2866
2233.4,2400.7,2164.6,202621,0.039,2282.6
1914.1,2233.8,1913.8,176891,0.167,2320.2
1975.1,2044.4,1809,189641,-0.031,2233.4
2234.2,2237.1,1974,155321,-0.116,1914.1
2362.4,2370.5,2165.4,114411,-0.054,1975.1
2403.1,2436.7,2335,88171,-0.017,2234.2
2324.3,2424.8,2262.1,109521,0.034,2362.4
2344,2412.8,2265.5,146631,-0.008,2403.1
2511.4,2530.3,2271.8,123801,-0.067,2324.3
2564.9,2576.7,2509.6,39161,-0.021,2344
2513.9,2568.7,2480.6,54511,0.02,2511.4
2614.2,2617.5,2484.7,90451,-0.038,2564.9
2627.9,2634.8,2581.8,60161,-0.005,2513.9
2617.3,2642.7,2562,89721,0.004,2614.2
2572.5,2658.7,2570,80681,0.017,2627.9
2536.5,2617.5,2506.3,83421,0.014,2617.3
2424.6,2555.3,2375.9,67761,0.046,2572.5
2480.6,2529.6,2387.5,66321,-0.023,2536.5
2558.4,2576.3,2469.5,73001,-0.03,2424.6
2577.7,2605.9,2526.5,75321,-0.008,2480.6
2583.8,2616.9,2490.1,110421,-0.002,2558.4
2446.1,2585.1,2309.6,159261,0.056,2577.7
2541.6,2584.8,2327.3,165831,-0.038,2583.8
2590.1,2660.7,2472.4,86971,-0.019,2446.1
2710.4,2741.6,2540.4,86961,-0.044,2541.6
2722.8,2759.7,2699.5,56941,-0.005,2590.1
2677.6,2757.3,2623.2,78301,0.017,2710.4
2754.4,2804.4,2624.4,116031,-0.028,2722.8
2616.8,2800.5,2614,111301,0.053,2677.6
2539.6,2617.8,2518.8,81831,0.03,2754.4
2655.1,2676,2488.6,92001,-0.044,2616.8
2508.6,2690.7,2454.8,95951,0.058,2539.6
2442.5,2536.4,2335.3,117211,0.027,2655.1
2467.3,2521.6,2125.6,262791,-0.01,2508.6
2713,2803.7,2349,174191,-0.091,2442.5
2656.8,2784.8,2647.4,116741,0.021,2467.3
2973.4,2985.1,2483.6,217961,-0.107,2713
2900.3,2977.9,2867.3,83031,0.025,2656.8
2811.4,2914.2,2807.4,86521,0.032,2973.4
2798.8,2852.1,2786.1,67051,0.005,2900.3
2691.5,2808.4,2623.6,95421,0.04,2811.4
2870.5,2880.9,2626.6,122681,-0.062,2798.8
2705,2931.2,2699.7,192231,0.061,2691.5
2524.1,2705.4,2523.9,86691,0.072,2870.5
2545.4,2559.8,2478.2,59481,-0.008,2705
2492.6,2582.8,2449.9,70961,0.021,2524.1
2412.6,2494,2385.6,83031,0.033,2545.4
2303.3,2460.8,2303.3,122701,0.048,2492.6
2192.6,2330.6,2168.4,117751,0.051,2412.6
2278.2,2329.3,2147.1,120961,-0.038,2303.3
2189,2337.4,2117.3,92241,0.041,2192.6
2052.4,2300.5,2051.1,125001,0.067,2278.2
2244.9,2322.4,1868.6,222951,-0.086,2189
2307,2616.5,2051.4,191491,-0.027,2052.4
2445.3,2781.8,2210.5,248441,-0.057,2244.9
2272.6,2497,2263.3,149261,0.076,2307.2
2124.4,2286.3,2110.8,114181,0.07,2445.3
2044.2,2264.8,1998.6,174381,0.039,2272.6
2040.2,2094.9,1980.1,78781,0.002,2124.4
1962,2048.4,1944.4,89861,0.04,2044.2
1881,1969.7,1875.3,98761,0.043,2040.2
1801.3,1980.5,1791.1,73101,0.044,1962
1729.3,1842.8,1704,94621,0.042,1881
1708.9,1752.6,1653.7,75541,0.012,1801.3
1772.6,1776.7,1656.8,80241,-0.036,1729.3
1763.7,1802.8,1736.1,40641,0.005,1708.9
1686.4,1770.5,1594.6,75471,0.046,1772.6
1819.3,1822.5,1641.2,109341,-0.073,1763.7
1752.3,1864.8,1741.5,109011,0.038,1686.4
1697.5,1766.2,1665,89681,0.032,1819.3
1664.5,1757.4,1620,127231,0.02,1752.3
1554.4,1667.7,1552.9,107231,0.071,1697.5
1545.3,1572.9,1495.2,71361,0.006,1664.5
